-- Добавим данные сгенерированные в таблицу brand

-- ***Для демонстрации работы скриптов с помощью сервиса filldb.info были сформированы абсолютно бессмысленные данные



INSERT INTO `subcategory` (`id`, `subcategory_name`, `category_id`) VALUES ('17', 'cupiditate', '2');
INSERT INTO `subcategory` (`id`, `subcategory_name`, `category_id`) VALUES ('18', 'qui', '3');
INSERT INTO `subcategory` (`id`, `subcategory_name`, `category_id`) VALUES ('19', 'laboriosam', '4');
INSERT INTO `subcategory` (`id`, `subcategory_name`, `category_id`) VALUES ('20', 'accusamus', '5');
INSERT INTO `subcategory` (`id`, `subcategory_name`, `category_id`) VALUES ('21', 'nam', '6');
INSERT INTO `subcategory` (`id`, `subcategory_name`, `category_id`) VALUES ('22', 'aut', '7');
INSERT INTO `subcategory` (`id`, `subcategory_name`, `category_id`) VALUES ('23', 'architecto', '8');
INSERT INTO `subcategory` (`id`, `subcategory_name`, `category_id`) VALUES ('24', 'at', '9');
INSERT INTO `subcategory` (`id`, `subcategory_name`, `category_id`) VALUES ('25', 'placeat', '10');
INSERT INTO `subcategory` (`id`, `subcategory_name`, `category_id`) VALUES ('26', 'quae', '11');
INSERT INTO `subcategory` (`id`, `subcategory_name`, `category_id`) VALUES ('27', 'possimus', '12');
INSERT INTO `subcategory` (`id`, `subcategory_name`, `category_id`) VALUES ('28', 'doloribus', '13');
INSERT INTO `subcategory` (`id`, `subcategory_name`, `category_id`) VALUES ('29', 'eum', '14');
INSERT INTO `subcategory` (`id`, `subcategory_name`, `category_id`) VALUES ('30', 'dolores', '15');
INSERT INTO `subcategory` (`id`, `subcategory_name`, `category_id`) VALUES ('31', 'consectetur', '1');
INSERT INTO `subcategory` (`id`, `subcategory_name`, `category_id`) VALUES ('32', 'ut', '2');
INSERT INTO `subcategory` (`id`, `subcategory_name`, `category_id`) VALUES ('33', 'libero', '3');
INSERT INTO `subcategory` (`id`, `subcategory_name`, `category_id`) VALUES ('34', 'repellat', '4');
INSERT INTO `subcategory` (`id`, `subcategory_name`, `category_id`) VALUES ('35', 'incidunt', '5');
INSERT INTO `subcategory` (`id`, `subcategory_name`, `category_id`) VALUES ('36', 'suscipit', '6');
INSERT INTO `subcategory` (`id`, `subcategory_name`, `category_id`) VALUES ('37', 'minima', '7');
INSERT INTO `subcategory` (`id`, `subcategory_name`, `category_id`) VALUES ('38', 'ad', '8');
INSERT INTO `subcategory` (`id`, `subcategory_name`, `category_id`) VALUES ('39', 'est', '9');
INSERT INTO `subcategory` (`id`, `subcategory_name`, `category_id`) VALUES ('40', 'nisi', '10');
INSERT INTO `subcategory` (`id`, `subcategory_name`, `category_id`) VALUES ('41', 'iure', '11');
INSERT INTO `subcategory` (`id`, `subcategory_name`, `category_id`) VALUES ('42', 'delectus', '12');
INSERT INTO `subcategory` (`id`, `subcategory_name`, `category_id`) VALUES ('43', 'assumenda', '13');
INSERT INTO `subcategory` (`id`, `subcategory_name`, `category_id`) VALUES ('44', 'fugiat', '14');
INSERT INTO `subcategory` (`id`, `subcategory_name`, `category_id`) VALUES ('45', 'perferendis', '15');
INSERT INTO `subcategory` (`id`, `subcategory_name`, `category_id`) VALUES ('46', 'autem', '1');
INSERT INTO `subcategory` (`id`, `subcategory_name`, `category_id`) VALUES ('47', 'eaque', '2');
INSERT INTO `subcategory` (`id`, `subcategory_name`, `category_id`) VALUES ('48', 'molestiae', '3');
INSERT INTO `subcategory` (`id`, `subcategory_name`, `category_id`) VALUES ('49', 'necessitatibus', '4');
INSERT INTO `subcategory` (`id`, `subcategory_name`, `category_id`) VALUES ('50', 'similique', '5');
INSERT INTO `subcategory` (`id`, `subcategory_name`, `category_id`) VALUES ('51', 'ullam', '6');
INSERT INTO `subcategory` (`id`, `subcategory_name`, `category_id`) VALUES ('52', 'labore', '7');
INSERT INTO `subcategory` (`id`, `subcategory_name`, `category_id`) VALUES ('53', 'reiciendis', '8');
INSERT INTO `subcategory` (`id`, `subcategory_name`, `category_id`) VALUES ('54', 'in', '9');
INSERT INTO `subcategory` (`id`, `subcategory_name`, `category_id`) VALUES ('55', 'corporis', '10');
INSERT INTO `subcategory` (`id`, `subcategory_name`, `category_id`) VALUES ('56', 'natus', '11');
INSERT INTO `subcategory` (`id`, `subcategory_name`, `category_id`) VALUES ('57', 'earum', '12');
INSERT INTO `subcategory` (`id`, `subcategory_name`, `category_id`) VALUES ('58', 'vel', '13');
INSERT INTO `subcategory` (`id`, `subcategory_name`, `category_id`) VALUES ('59', 'quaerat', '14');
INSERT INTO `subcategory` (`id`, `subcategory_name`, `category_id`) VALUES ('60', 'sequi', '15');



INSERT INTO `dealer` (`id`, `dealer_name`, `description_dealer`) VALUES ('4', 'velit', 'Illum quas et quia quos ut dolorem. Rem et eos similique id inventore et.');
INSERT INTO `dealer` (`id`, `dealer_name`, `description_dealer`) VALUES ('5', 'qui', 'Vero possimus nihil sequi minima voluptates nemo quas. Et incidunt aliquam eligendi dolor temporibus voluptate. Ex incidunt possimus delectus similique. Libero modi nihil inventore adipisci.');
INSERT INTO `dealer` (`id`, `dealer_name`, `description_dealer`) VALUES ('6', 'earum', 'Necessitatibus iste omnis adipisci hic. Similique et fuga rerum asperiores ipsum dignissimos. Autem fugit asperiores repellat eum at dignissimos. Commodi enim suscipit voluptates deserunt blanditiis quos.');
INSERT INTO `dealer` (`id`, `dealer_name`, `description_dealer`) VALUES ('7', 'natus', 'Magnam quo incidunt neque magnam quidem ut quaerat. Quam eum in eaque sed aliquam et. Perferendis reiciendis consequatur sit veritatis quia. Odio dolorem quisquam ducimus. Ea est dolor placeat error magni et illum velit.');
INSERT INTO `dealer` (`id`, `dealer_name`, `description_dealer`) VALUES ('8', 'est', 'Nihil ea sit et possimus quos. Ratione officiis aut neque est ut quis et. Eos quam in quis at reiciendis itaque. Ducimus suscipit asperiores repudiandae voluptatem doloribus.');
INSERT INTO `dealer` (`id`, `dealer_name`, `description_dealer`) VALUES ('9', 'voluptatem', 'Fuga repudiandae voluptatibus recusandae non repudiandae eos. Quod maxime voluptatibus doloremque id. Sint earum dolorem harum dolorem possimus quis itaque. Adipisci numquam repellendus accusantium placeat ipsum et et.');
INSERT INTO `dealer` (`id`, `dealer_name`, `description_dealer`) VALUES ('10', 'quam', 'Aut ut excepturi iste quia eos mollitia. Tempore aut ut aut modi aliquid beatae et. Quibusdam vel consequatur expedita facere. Qui quos voluptatem dolorem.');
INSERT INTO `dealer` (`id`, `dealer_name`, `description_dealer`) VALUES ('11', 'repellat', 'Quis qui itaque consequuntur ut voluptas molestias ut molestiae. Nisi qui iste quo et harum maiores eveniet repellat. Voluptas et dolor ipsam numquam est consectetur molestiae.');
INSERT INTO `dealer` (`id`, `dealer_name`, `description_dealer`) VALUES ('12', 'labore', 'Laborum est est accusantium quibusdam eligendi ex et ut. Officia vel aut fuga dolorem at voluptas possimus. Vel molestiae illum libero illum. Eveniet fugit veritatis esse nobis laborum.');
INSERT INTO `dealer` (`id`, `dealer_name`, `description_dealer`) VALUES ('13', 'amet', 'Ipsum dolorem voluptas architecto impedit eum. Sed optio quae sequi. Dolorem inventore harum consequuntur animi. Iste et facilis aut aut fugiat modi nulla. Vero sint voluptate voluptatem.');
INSERT INTO `dealer` (`id`, `dealer_name`, `description_dealer`) VALUES ('14', 'enim', 'Architecto voluptatem minima modi itaque. Officia adipisci quod in. Impedit nisi sequi asperiores corporis. Eligendi id et autem optio explicabo aperiam. Harum voluptate veniam delectus hic harum.');
INSERT INTO `dealer` (`id`, `dealer_name`, `description_dealer`) VALUES ('15', 'quasi', 'Adipisci sapiente dolor esse inventore. Sunt culpa odio deleniti asperiores. Aut aut est rerum facilis. Perferendis omnis dolorum perspiciatis assumenda sed.');
INSERT INTO `dealer` (`id`, `dealer_name`, `description_dealer`) VALUES ('16', 'illo', 'Esse recusandae consequatur et eveniet dolorem molestias esse. Accusantium sunt suscipit aut et voluptatum asperiores aperiam. Est beatae praesentium delectus adipisci vel. Error inventore placeat reprehenderit doloremque voluptatem ut ab.');
INSERT INTO `dealer` (`id`, `dealer_name`, `description_dealer`) VALUES ('17', 'exercitationem', 'Qui eaque aspernatur commodi quia voluptas aut repellat. Quod possimus est ab natus explicabo sit sunt. Eos fugiat corrupti et.');
INSERT INTO `dealer` (`id`, `dealer_name`, `description_dealer`) VALUES ('18', 'repellendus', 'Nihil sequi distinctio animi ea et quaerat. Perferendis doloribus omnis sapiente. Ut dolores dolore quis sunt.');
INSERT INTO `dealer` (`id`, `dealer_name`, `description_dealer`) VALUES ('19', 'quos', 'Deleniti nisi deleniti impedit. Quia maxime dolor omnis eos reiciendis voluptatem. Maxime hic voluptatum saepe ut earum.');
INSERT INTO `dealer` (`id`, `dealer_name`, `description_dealer`) VALUES ('20', 'facilis', 'Nulla laudantium aut dolorum tempora dolor. Non ut consectetur quis. At cupiditate a temporibus repellendus asperiores. Ipsam quo iusto et ducimus et.');
INSERT INTO `dealer` (`id`, `dealer_name`, `description_dealer`) VALUES ('21', 'quidem', 'Totam fuga ducimus et deleniti sint. Et qui omnis ipsa cumque iusto natus est. Dolorem quos adipisci aspernatur mollitia. Aliquid quos excepturi ut et fuga et possimus.');
INSERT INTO `dealer` (`id`, `dealer_name`, `description_dealer`) VALUES ('22', 'fugit', 'Fuga maxime cupiditate beatae qui dolores non voluptatum. Dolor praesentium excepturi cumque amet labore quidem. Dignissimos explicabo facere enim eaque nobis illum sit odio. Illo asperiores molestias inventore est nihil pariatur est.');
INSERT INTO `dealer` (`id`, `dealer_name`, `description_dealer`) VALUES ('23', 'dolores', 'Doloribus reiciendis qui fuga magnam quasi nisi voluptatum sed. Quidem sed minima et odio enim cum laudantium. Rerum excepturi qui amet cum nihil nulla accusamus. Autem enim labore nihil.');
INSERT INTO `dealer` (`id`, `dealer_name`, `description_dealer`) VALUES ('24', 'beatae', 'Ipsam vel facere dolorum dolorem. Magnam numquam reiciendis dolorem ab. Modi minima itaque dolores sed et consectetur exercitationem. Perspiciatis beatae id fugit molestiae optio.');
INSERT INTO `dealer` (`id`, `dealer_name`, `description_dealer`) VALUES ('25', 'laudantium', 'Odio aliquid reiciendis dicta mollitia. Consequuntur rerum voluptate reiciendis excepturi et. Quis minus est est animi nam eum est. Ullam assumenda temporibus aut qui nesciunt beatae enim.');
INSERT INTO `dealer` (`id`, `dealer_name`, `description_dealer`) VALUES ('26', 'et', 'Quidem libero voluptatem accusamus et pariatur. Consequuntur ipsam consequuntur esse a. Et explicabo explicabo ut rerum velit consequatur amet. Autem vitae consequatur est.');
INSERT INTO `dealer` (`id`, `dealer_name`, `description_dealer`) VALUES ('27', 'maxime', 'Cum in sed ratione quia sequi quia ex qui. Sunt ipsum nulla eos nihil sit mollitia. Suscipit consectetur voluptatem aut voluptas quia ex. Velit omnis sed quidem facere optio enim fuga.');
INSERT INTO `dealer` (`id`, `dealer_name`, `description_dealer`) VALUES ('28', 'repudiandae', 'Nihil quidem est omnis. Rerum et ratione magni consequatur ipsa. Nesciunt cumque quia placeat aut.');
INSERT INTO `dealer` (`id`, `dealer_name`, `description_dealer`) VALUES ('29', 'optio', 'Voluptate ut dicta eius tenetur. Sunt reiciendis non possimus et et. Et dolorem minima incidunt. Aliquid suscipit et itaque quidem officiis accusantium dolorem numquam. Enim amet eaque amet illum voluptatem iusto eius.');
INSERT INTO `dealer` (`id`, `dealer_name`, `description_dealer`) VALUES ('30', 'saepe', 'Nulla accusamus beatae aut beatae quod eaque. Velit amet qui nemo sed nobis vero provident voluptates. Magni ex voluptatem omnis eos cumque. Mollitia nulla odit magni est provident nihil.');
INSERT INTO `dealer` (`id`, `dealer_name`, `description_dealer`) VALUES ('31', 'minus', 'Error assumenda facere non culpa recusandae esse quibusdam. Quae et aut doloremque sapiente. Ullam itaque est excepturi.');
INSERT INTO `dealer` (`id`, `dealer_name`, `description_dealer`) VALUES ('32', 'nam', 'Quia voluptas est modi in. Temporibus voluptates consequatur commodi quos explicabo debitis dolores. Qui alias eos et illo. Deleniti architecto earum in quibusdam ea id quia.');
INSERT INTO `dealer` (`id`, `dealer_name`, `description_dealer`) VALUES ('33', 'omnis', 'Corporis delectus distinctio asperiores dolorem officiis eveniet. Unde dolorem alias qui magnam harum et. Numquam cumque cum voluptates quia.');
INSERT INTO `dealer` (`id`, `dealer_name`, `description_dealer`) VALUES ('34', 'aspernatur', 'Qui molestias earum quo aspernatur temporibus. Quo nemo quos quos vel velit iure. Iste ipsa ad illo aperiam.');
INSERT INTO `dealer` (`id`, `dealer_name`, `description_dealer`) VALUES ('35', 'nostrum', 'Delectus esse suscipit velit maxime et quo. Unde nemo earum eos et dicta id et et. Iste deserunt pariatur repellendus quis qui. Illo repellendus nisi sint ut animi nisi quis.');
INSERT INTO `dealer` (`id`, `dealer_name`, `description_dealer`) VALUES ('36', 'delectus', 'Et placeat quis ut ab. Sed quas quas aut debitis consectetur dicta soluta. Maiores et vero dolore. Dolorem ipsam aut vero aut nisi asperiores rerum enim.');
INSERT INTO `dealer` (`id`, `dealer_name`, `description_dealer`) VALUES ('37', 'consequuntur', 'Et fugit quia illum repudiandae perferendis facilis nihil nam. Impedit atque dolores pariatur autem sint nulla. Optio doloribus perferendis vel ipsum ut. Vel aut sit doloremque quos modi velit vitae. Officia consequatur rerum incidunt exercitationem repel');
INSERT INTO `dealer` (`id`, `dealer_name`, `description_dealer`) VALUES ('38', 'ad', 'Ad a quam et rerum maxime. Voluptas veniam tempora quis adipisci quisquam eius excepturi. Natus qui similique quae quia in. Aut ut aperiam quis pariatur aspernatur velit.');
INSERT INTO `dealer` (`id`, `dealer_name`, `description_dealer`) VALUES ('39', 'commodi', 'Aut nostrum ut est autem autem quia molestiae aperiam. Rerum magnam aut unde. A non unde aut et. Vel qui minus est.');
INSERT INTO `dealer` (`id`, `dealer_name`, `description_dealer`) VALUES ('40', 'animi', 'Tenetur omnis sint nesciunt molestias sit. Voluptatem est qui non quod et. Aut quidem natus deleniti in quasi laborum.');
INSERT INTO `dealer` (`id`, `dealer_name`, `description_dealer`) VALUES ('41', 'ea', 'Eum et incidunt officiis aliquam. Sint eos vero amet itaque aspernatur est. Delectus aliquid sit necessitatibus voluptatem reiciendis. Quia magni qui quas quia dolor.');
INSERT INTO `dealer` (`id`, `dealer_name`, `description_dealer`) VALUES ('42', 'reiciendis', 'Illum et ex tempora iste nihil a corporis. Amet aut eligendi in non veritatis incidunt. Voluptatem porro corrupti dolor quas eum. Et enim voluptas quidem nihil dolorem autem sit odio. Aperiam quas itaque nihil est voluptate dolores.');
INSERT INTO `dealer` (`id`, `dealer_name`, `description_dealer`) VALUES ('43', 'dolor', 'Eaque sunt quia et iure est. Et quaerat non nostrum molestiae esse quae officiis. Quia qui deserunt maxime modi.');
INSERT INTO `dealer` (`id`, `dealer_name`, `description_dealer`) VALUES ('44', 'odit', 'Consectetur adipisci odio qui ut sapiente. Quia delectus tempore aut. Animi quo molestias omnis itaque. Sint excepturi et ipsa voluptates consequatur et commodi.');
INSERT INTO `dealer` (`id`, `dealer_name`, `description_dealer`) VALUES ('45', 'modi', 'Fuga et dolor placeat. Consectetur velit eius ducimus doloremque provident consectetur. Ad et eum quibusdam velit rerum. Vel voluptas fuga molestias molestiae. Provident ut nobis quidem repellat omnis.');
INSERT INTO `dealer` (`id`, `dealer_name`, `description_dealer`) VALUES ('46', 'esse', 'Unde quaerat aut modi quos. Rerum repellat quam in quod.');
INSERT INTO `dealer` (`id`, `dealer_name`, `description_dealer`) VALUES ('47', 'molestias', 'Ut ad explicabo placeat provident quasi eveniet. Tenetur eligendi alias dolorem eaque ullam. Autem libero expedita delectus natus autem cupiditate qui.');
INSERT INTO `dealer` (`id`, `dealer_name`, `description_dealer`) VALUES ('48', 'autem', 'Nemo at ratione repudiandae voluptatem. Veritatis eum debitis quae molestiae ea adipisci quisquam. Et eos quisquam nisi assumenda nisi facere.');
INSERT INTO `dealer` (`id`, `dealer_name`, `description_dealer`) VALUES ('49', 'at', 'Et consequuntur suscipit voluptas et quaerat perspiciatis. Et qui ut laboriosam nihil veniam voluptatem. Est eligendi quam accusantium consectetur recusandae sed. Et deserunt in enim labore animi molestiae.');
INSERT INTO `dealer` (`id`, `dealer_name`, `description_dealer`) VALUES ('50', 'doloremque', 'Reprehenderit voluptatem quia laboriosam blanditiis sunt itaque. Magni saepe mollitia eligendi beatae iste maiores dolorem. Voluptatem optio repellendus error esse ut qui. Ex dolores magnam sint.');
INSERT INTO `dealer` (`id`, `dealer_name`, `description_dealer`) VALUES ('51', 'dolorum', 'Soluta ipsa harum dicta ipsum et. Quos quia officia asperiores sapiente dolor beatae incidunt. A qui et voluptates et rerum molestias perspiciatis.');
INSERT INTO `dealer` (`id`, `dealer_name`, `description_dealer`) VALUES ('52', 'ut', 'Quasi hic sed aut culpa. In dicta dolores quam ut.');
INSERT INTO `dealer` (`id`, `dealer_name`, `description_dealer`) VALUES ('53', 'voluptas', 'Dolor facilis dolores sed odio eos ut. In ut dolores officia ut. Earum quasi aut libero totam aperiam nihil autem placeat. Qui nam fuga accusantium tenetur iusto consequatur cupiditate.');
INSERT INTO `dealer` (`id`, `dealer_name`, `description_dealer`) VALUES ('54', 'dolorem', 'Voluptatem eum et suscipit velit voluptates dignissimos voluptate. Velit tempora sed aperiam odit laboriosam voluptatem. Commodi veritatis quis quidem voluptate aperiam praesentium. Sunt qui exercitationem voluptatibus recusandae et harum labore consequat');
INSERT INTO `dealer` (`id`, `dealer_name`, `description_dealer`) VALUES ('55', 'expedita', 'Natus a maxime iure cum quo numquam voluptas. Quae aut et repellendus. Excepturi molestiae aut aut officiis ad.');
INSERT INTO `dealer` (`id`, `dealer_name`, `description_dealer`) VALUES ('56', 'voluptate', 'Ex necessitatibus aliquid dicta autem modi. Ad vitae eligendi aliquam sunt. Vel velit placeat consequuntur nesciunt pariatur et.');
INSERT INTO `dealer` (`id`, `dealer_name`, `description_dealer`) VALUES ('57', 'nihil', 'Consequatur incidunt provident rem molestiae occaecati officiis nobis. Culpa saepe et eveniet dicta repellat nam. Libero nobis facere nihil laboriosam est optio est repudiandae. Perspiciatis rerum enim sit sint ipsam est quidem quas.');
INSERT INTO `dealer` (`id`, `dealer_name`, `description_dealer`) VALUES ('58', 'tempora', 'Ut incidunt maxime natus tempora non autem sapiente. Nobis ut architecto qui eos. Perspiciatis aut dolorum est soluta consequatur aliquam. Assumenda consequuntur non magnam doloremque perspiciatis mollitia.');
INSERT INTO `dealer` (`id`, `dealer_name`, `description_dealer`) VALUES ('59', 'minima', 'Dignissimos rerum sit occaecati. Asperiores nulla omnis autem incidunt blanditiis corporis. Excepturi eos veniam excepturi deserunt. Et repellendus est enim voluptatem.');
INSERT INTO `dealer` (`id`, `dealer_name`, `description_dealer`) VALUES ('60', 'quisquam', 'Enim repellat eum quo corrupti ad doloribus. Labore nulla mollitia harum ea. Rerum voluptatem libero laborum nihil veritatis.');
INSERT INTO `dealer` (`id`, `dealer_name`, `description_dealer`) VALUES ('61', 'laboriosam', 'Ut repellendus occaecati quia voluptates placeat natus rerum eum. Eius accusamus vel sit dicta provident et. Nulla odit magni sunt quis fugit fugiat.');
INSERT INTO `dealer` (`id`, `dealer_name`, `description_dealer`) VALUES ('62', 'dignissimos', 'Quaerat dicta minima nihil aspernatur ipsam. Suscipit rerum ullam culpa qui quia consequatur non consequatur.');
INSERT INTO `dealer` (`id`, `dealer_name`, `description_dealer`) VALUES ('63', 'quo', 'Voluptatem temporibus ducimus blanditiis nam. Accusantium enim dicta ut. Qui quisquam sapiente rerum ut dicta ullam. Illum consequuntur odio error soluta.');
INSERT INTO `dealer` (`id`, `dealer_name`, `description_dealer`) VALUES ('64', 'aut', 'Velit commodi deleniti asperiores fugit ab esse delectus. Non iste sed omnis. Qui consequatur aspernatur qui beatae. Enim et minima consequatur dolorem id nemo sed.');
INSERT INTO `dealer` (`id`, `dealer_name`, `description_dealer`) VALUES ('65', 'non', 'Voluptate a vitae ab ut sapiente illum eos. Et aliquam et ipsum voluptates quam reprehenderit. Consequatur omnis deserunt voluptas qui.');
INSERT INTO `dealer` (`id`, `dealer_name`, `description_dealer`) VALUES ('66', 'sunt', 'Est quisquam et quasi est. Placeat consectetur cupiditate culpa sequi maiores tenetur. Voluptatem soluta laudantium fuga tenetur ullam. Soluta aut vero architecto rerum possimus excepturi.');
INSERT INTO `dealer` (`id`, `dealer_name`, `description_dealer`) VALUES ('67', 'eaque', 'Sint ad ad modi placeat enim distinctio adipisci. Vitae unde cumque est corporis odio. Officiis dignissimos consequatur perferendis rerum.');
INSERT INTO `dealer` (`id`, `dealer_name`, `description_dealer`) VALUES ('68', 'provident', 'Officia facere vero similique voluptatem. Consequuntur corrupti velit soluta in. Corrupti hic magni est ut quo adipisci. Dolore dignissimos ipsum vel. Aut qui quos iure eveniet.');
INSERT INTO `dealer` (`id`, `dealer_name`, `description_dealer`) VALUES ('69', 'suscipit', 'Minima expedita et dignissimos voluptas beatae. Tempore enim magni est quae ullam natus non quidem. Autem architecto eveniet omnis illo consequatur culpa. Pariatur nulla reprehenderit corporis voluptate aut. Autem sunt facere porro impedit architecto anim');
INSERT INTO `dealer` (`id`, `dealer_name`, `description_dealer`) VALUES ('70', 'eos', 'Quia voluptas facere reprehenderit maiores atque unde rerum. Velit facere esse harum consequatur soluta magni voluptas. Eligendi eveniet deserunt fugit ipsam qui voluptas itaque. Sed autem ipsa fugit at ut incidunt est.');
INSERT INTO `dealer` (`id`, `dealer_name`, `description_dealer`) VALUES ('71', 'aliquam', 'Vel et aut culpa velit laudantium. Qui inventore laudantium et alias beatae adipisci molestias. Placeat vel culpa quos qui et hic consequatur.');
INSERT INTO `dealer` (`id`, `dealer_name`, `description_dealer`) VALUES ('72', 'quis', 'Eius eligendi aut aperiam in ut. Expedita accusamus nemo nostrum quis error nobis. Aut voluptas quo dolores et ea beatae esse iure. Dolore explicabo reprehenderit modi sapiente voluptatibus voluptatibus.');
INSERT INTO `dealer` (`id`, `dealer_name`, `description_dealer`) VALUES ('73', 'ducimus', 'Quidem officia occaecati placeat ducimus aut nesciunt. Distinctio saepe voluptatibus est nulla. Amet optio eos repudiandae nihil. Maxime et sed harum provident ut vitae.');
INSERT INTO `dealer` (`id`, `dealer_name`, `description_dealer`) VALUES ('74', 'dicta', 'Debitis architecto et reiciendis odio quod. Maiores possimus non eum id neque eos. Est quod atque numquam qui eum omnis quia. Adipisci perspiciatis harum est sed.');
INSERT INTO `dealer` (`id`, `dealer_name`, `description_dealer`) VALUES ('75', 'id', 'Tempora dolorem nisi corporis similique minima excepturi in ut. Et sed voluptates velit inventore est quia. Et dignissimos sit in vel nulla quas quia unde.');
INSERT INTO `dealer` (`id`, `dealer_name`, `description_dealer`) VALUES ('76', 'consequatur', 'Ullam et sit dolores earum non nesciunt. Dolores animi quia non autem. Ut numquam tenetur voluptas id sint officiis nihil.');
INSERT INTO `dealer` (`id`, `dealer_name`, `description_dealer`) VALUES ('77', 'totam', 'Quae nesciunt rerum laudantium nam rerum minima ea. Omnis voluptas neque quam aut quisquam. Molestiae quasi in provident. Illum inventore dolorem commodi laboriosam et deleniti consectetur.');
INSERT INTO `dealer` (`id`, `dealer_name`, `description_dealer`) VALUES ('78', 'perspiciatis', 'Aperiam sunt voluptatem voluptas amet. Fugit omnis enim illum fugit consectetur. Fugiat corrupti mollitia aut quaerat sapiente unde autem.');
INSERT INTO `dealer` (`id`, `dealer_name`, `description_dealer`) VALUES ('79', 'fugiat', 'Dolorem voluptatem recusandae aut labore qui in. Consequatur at non hic ipsum sed. Saepe sint pariatur soluta et voluptatem atque. Tempore molestiae non repellendus et pariatur.');
INSERT INTO `dealer` (`id`, `dealer_name`, `description_dealer`) VALUES ('80', 'officiis', 'Sit adipisci voluptatum iusto saepe. Velit quasi qui sit magni omnis officiis sit. Placeat sapiente cum sunt quam et ipsa soluta.');
INSERT INTO `dealer` (`id`, `dealer_name`, `description_dealer`) VALUES ('81', 'magnam', 'Nobis et dolores sunt corporis sunt corrupti. Quos aliquam mollitia sunt qui alias magnam delectus. Quia ex illum ipsam tempore atque. Excepturi sit temporibus illo magni.');
INSERT INTO `dealer` (`id`, `dealer_name`, `description_dealer`) VALUES ('82', 'accusantium', 'Odit suscipit reprehenderit vel quaerat. Architecto tenetur voluptas voluptatum dolorem quidem quidem. Doloremque nemo non ipsum quam. Nihil facilis eum itaque sequi adipisci quis quasi.');
INSERT INTO `dealer` (`id`, `dealer_name`, `description_dealer`) VALUES ('83', 'ipsa', 'Ipsam ut blanditiis fuga non commodi et quam. Ipsa tempora ea ipsum magni dolores corporis. Laboriosam animi excepturi qui aut voluptatem molestias tempora. Quia nisi quis qui dignissimos non qui vel.');
INSERT INTO `dealer` (`id`, `dealer_name`, `description_dealer`) VALUES ('84', 'eligendi', 'In enim quasi sed modi. Qui possimus magnam voluptas fugit facere explicabo. Totam quo nihil sed asperiores qui.');
INSERT INTO `dealer` (`id`, `dealer_name`, `description_dealer`) VALUES ('85', 'necessitatibus', 'Soluta fugiat ea praesentium impedit accusantium fuga perferendis. Qui est nostrum quidem eligendi ut est quo. In aut beatae quasi. Quae fugit ut et fuga explicabo soluta accusantium.');
INSERT INTO `dealer` (`id`, `dealer_name`, `description_dealer`) VALUES ('86', 'eum', 'Ex neque doloribus unde. Et cumque voluptatibus voluptas harum tenetur veniam qui. Eius numquam reprehenderit sint et ipsam molestias. Nostrum consequatur minus porro doloribus dignissimos architecto voluptates.');
INSERT INTO `dealer` (`id`, `dealer_name`, `description_dealer`) VALUES ('87', 'sint', 'Voluptatem sunt distinctio quas tempore rerum repudiandae qui et. Repellat blanditiis sint repellat impedit.');
INSERT INTO `dealer` (`id`, `dealer_name`, `description_dealer`) VALUES ('88', 'illum', 'Labore voluptatum praesentium voluptate alias. Ipsum sunt tenetur quis mollitia. Corporis debitis in possimus temporibus et quam corrupti. Dicta labore aut aut culpa omnis.');
INSERT INTO `dealer` (`id`, `dealer_name`, `description_dealer`) VALUES ('89', 'harum', 'Et hic et sint quia. Rerum rerum atque eveniet et eos earum. Voluptates maiores accusamus id laboriosam perspiciatis saepe ea. Ut vero ipsa modi animi consequuntur culpa sit.');
INSERT INTO `dealer` (`id`, `dealer_name`, `description_dealer`) VALUES ('90', 'corporis', 'Est iure atque ut quia. Aut nesciunt consequuntur ipsa id. Sit nemo est et hic quasi. Nam quidem non porro molestiae rerum odio pariatur.');
INSERT INTO `dealer` (`id`, `dealer_name`, `description_dealer`) VALUES ('91', 'sed', 'Voluptates delectus delectus optio nihil consequatur corporis doloribus. Sint aut ipsam consequuntur repudiandae tenetur molestiae consequuntur.');
INSERT INTO `dealer` (`id`, `dealer_name`, `description_dealer`) VALUES ('92', 'voluptatibus', 'Cupiditate hic ipsam hic eius. Sapiente voluptatem neque nesciunt mollitia inventore. Ullam harum eaque dolore doloribus nesciunt dolorem laboriosam ad.');
INSERT INTO `dealer` (`id`, `dealer_name`, `description_dealer`) VALUES ('93', 'sit', 'Aspernatur deserunt aspernatur qui ipsam quasi quo officiis. Aut expedita voluptates dolores maiores quia aliquam. Et placeat exercitationem inventore praesentium est suscipit. Molestiae quidem distinctio repudiandae quaerat et atque non.');
INSERT INTO `dealer` (`id`, `dealer_name`, `description_dealer`) VALUES ('94', 'cupiditate', 'Laudantium fugit maiores et adipisci beatae voluptas. Iusto iusto a eos a. Nihil qui amet voluptatem voluptatum.');
INSERT INTO `dealer` (`id`, `dealer_name`, `description_dealer`) VALUES ('95', 'quia', 'Adipisci fuga alias placeat. Porro est provident recusandae inventore. Culpa molestiae consectetur et officiis est eum est. Corporis omnis voluptatem ut cupiditate harum.');
INSERT INTO `dealer` (`id`, `dealer_name`, `description_dealer`) VALUES ('96', 'molestiae', 'Deleniti est ut voluptatem nesciunt odit ipsum. Quis quod accusamus temporibus culpa similique accusantium consequatur. Excepturi aut aut necessitatibus et quia velit quaerat. At ipsam aut sint sint aut assumenda natus.');
INSERT INTO `dealer` (`id`, `dealer_name`, `description_dealer`) VALUES ('97', 'rerum', 'Possimus expedita dolore expedita quo dolorem enim. Sunt id facere quia quam. Quo error officiis expedita nisi enim quia omnis. Cupiditate accusantium hic dolores quasi perferendis.');
INSERT INTO `dealer` (`id`, `dealer_name`, `description_dealer`) VALUES ('98', 'iure', 'Sint qui ipsa repellat numquam modi voluptate consequatur voluptas. Voluptatem doloribus pariatur et eligendi ipsum dicta qui. Ut pariatur temporibus ipsum dolor voluptatem.');
INSERT INTO `dealer` (`id`, `dealer_name`, `description_dealer`) VALUES ('99', 'nulla', 'Eveniet earum unde magnam minima est quam quis rem. Sit laudantium et sit voluptas esse. Sit unde et ut quia nisi. Dolores sit explicabo delectus saepe ut provident accusamus.');
INSERT INTO `dealer` (`id`, `dealer_name`, `description_dealer`) VALUES ('100', 'aliquid', 'Esse officiis id hic porro ea magni. Et est maxime optio delectus. Laborum voluptas est ea doloribus molestias quia sunt.');


INSERT INTO `brand` (`id`, `brand_name`, `description_brand`) VALUES ('3', 'totam', 'Voluptatem itaque nemo corporis tempora fuga mollitia ut. Voluptatibus ab ut non qui consectetur deleniti perspiciatis. Quia ut voluptatem aspernatur sapiente nemo tempora.');
INSERT INTO `brand` (`id`, `brand_name`, `description_brand`) VALUES ('4', 'sit', 'Rem alias omnis fugiat sed. Voluptatem iusto debitis ut facere. Deserunt eum molestiae corporis eum repellat excepturi et. Magni debitis minima quasi explicabo inventore odio.');
INSERT INTO `brand` (`id`, `brand_name`, `description_brand`) VALUES ('5', 'eveniet', 'Laboriosam beatae nihil maiores possimus libero atque ut. Rem ut eligendi debitis velit. Consequatur ut molestias et dolorem. Provident et tenetur unde sequi amet impedit.');
INSERT INTO `brand` (`id`, `brand_name`, `description_brand`) VALUES ('6', 'sint', 'Omnis eligendi error voluptas consequuntur molestiae quaerat eos. Laudantium voluptatem est voluptatem ea corrupti. Ullam omnis rerum illum molestiae consequatur. Laborum quis rerum quisquam adipisci repellat.');
INSERT INTO `brand` (`id`, `brand_name`, `description_brand`) VALUES ('7', 'autem', 'Aut fuga et quia. Consequatur possimus aut et vitae quibusdam dignissimos qui consequatur. Explicabo dolore quod nam est amet perferendis rem rem. Omnis itaque eaque totam commodi ut.');
INSERT INTO `brand` (`id`, `brand_name`, `description_brand`) VALUES ('8', 'ratione', 'Facere dolores voluptates labore facilis voluptas. Et ad ut qui quia et. Id ipsum praesentium deserunt sit est ipsum ea distinctio. In distinctio minima est illo.');
INSERT INTO `brand` (`id`, `brand_name`, `description_brand`) VALUES ('9', 'explicabo', 'Maiores a qui molestias numquam est id delectus. Temporibus accusantium tempore quia voluptates facilis totam facere. Quidem magnam et esse.');
INSERT INTO `brand` (`id`, `brand_name`, `description_brand`) VALUES ('10', 'quaerat', 'Minima odio consequatur consequuntur impedit distinctio aut voluptatem. Quia et quae iste et sed dolores voluptas ut. Laborum autem aut dolor tempore ut ipsa cumque.');
INSERT INTO `brand` (`id`, `brand_name`, `description_brand`) VALUES ('11', 'nemo', 'Distinctio consequuntur quo voluptas nam quidem non. Dolorum et dolore quaerat totam laudantium autem.');
INSERT INTO `brand` (`id`, `brand_name`, `description_brand`) VALUES ('12', 'laborum', 'Tempore maxime aliquid est ducimus. Pariatur ipsa velit veniam odit. Reprehenderit placeat commodi eius aperiam temporibus rerum. Necessitatibus consequatur quis nemo aut consectetur deserunt.');
INSERT INTO `brand` (`id`, `brand_name`, `description_brand`) VALUES ('13', 'et', 'Voluptates est quia dolorem minus. Ullam quia temporibus vero voluptas at aut. Consectetur porro recusandae autem dolor. Nulla distinctio earum possimus ut rerum vel est corrupti.');
INSERT INTO `brand` (`id`, `brand_name`, `description_brand`) VALUES ('14', 'officiis', 'Labore voluptas distinctio quia aut porro. Deserunt quasi ut fugiat ex laboriosam dolorem. Id quisquam sit unde ut exercitationem. Animi iste et et deserunt id optio vero.');
INSERT INTO `brand` (`id`, `brand_name`, `description_brand`) VALUES ('15', 'aut', 'Dolor quia vero et quo et. Repellendus ut pariatur sint quod. Quae veritatis maiores velit quae voluptatum. Maxime reiciendis nemo placeat molestiae. Eaque aut quibusdam vitae eveniet.');
INSERT INTO `brand` (`id`, `brand_name`, `description_brand`) VALUES ('16', 'illo', 'Omnis recusandae natus ea. Et qui voluptatem omnis blanditiis nam placeat et nobis. Omnis cum culpa nisi consequatur quia asperiores quaerat.');
INSERT INTO `brand` (`id`, `brand_name`, `description_brand`) VALUES ('17', 'aspernatur', 'Tempore et illum non quia. Sunt pariatur vero odio tenetur eum pariatur. Nostrum animi harum consectetur et.');
INSERT INTO `brand` (`id`, `brand_name`, `description_brand`) VALUES ('18', 'sapiente', 'Voluptates ex consequatur ipsum placeat asperiores. Atque omnis sed voluptatum. Ut doloribus voluptates omnis in et vero cum saepe. Sapiente ipsam dolore eos voluptatem cupiditate doloremque.');
INSERT INTO `brand` (`id`, `brand_name`, `description_brand`) VALUES ('19', 'repellat', 'Voluptatem omnis at sit praesentium enim quos nobis. Qui maiores officia qui eligendi consectetur. Temporibus ad in perspiciatis est enim ut.');
INSERT INTO `brand` (`id`, `brand_name`, `description_brand`) VALUES ('20', 'voluptatem', 'Consequatur qui exercitationem eum impedit labore illum repudiandae. Error voluptatem cumque in. Eum quae et ut aliquam nulla fugit provident. Quia nisi quidem ex quam soluta.');
INSERT INTO `brand` (`id`, `brand_name`, `description_brand`) VALUES ('21', 'distinctio', 'Veniam ducimus est id laboriosam architecto perferendis. Ut reiciendis amet quasi explicabo autem. Omnis debitis ullam molestias sapiente. Laborum temporibus iste quis in ipsam.');
INSERT INTO `brand` (`id`, `brand_name`, `description_brand`) VALUES ('22', 'quae', 'Ut repudiandae laboriosam pariatur. Eaque veniam facere officia voluptas deleniti eaque. In quam eum ea corporis quos quis. Ducimus veniam tempora aut consequatur excepturi repellendus voluptas quis. Accusantium id voluptatem nihil soluta in cum ad aut.');
INSERT INTO `brand` (`id`, `brand_name`, `description_brand`) VALUES ('23', 'blanditiis', 'Omnis omnis laborum omnis consequuntur. Eius omnis adipisci sint earum quidem expedita facilis quod. Quidem error ea accusantium.');
INSERT INTO `brand` (`id`, `brand_name`, `description_brand`) VALUES ('24', 'beatae', 'Fugit magni aliquam non aut et. Praesentium voluptate non nam eos dignissimos. Aut autem eligendi molestias dolorum quasi rerum. Tenetur doloremque quae ut omnis commodi nisi. Tempore modi illo laboriosam reiciendis ipsa optio similique.');
INSERT INTO `brand` (`id`, `brand_name`, `description_brand`) VALUES ('25', 'voluptas', 'Corrupti itaque quod error corrupti sit corporis totam ad. Ut nobis dolorem distinctio quam voluptates laborum. Praesentium asperiores et sapiente harum.');
INSERT INTO `brand` (`id`, `brand_name`, `description_brand`) VALUES ('26', 'doloribus', 'Consequatur et dolorum et sapiente autem et aut. Consequuntur enim delectus quia asperiores eaque quas sit beatae. Sunt perferendis repellendus porro est.');
INSERT INTO `brand` (`id`, `brand_name`, `description_brand`) VALUES ('27', 'dolore', 'Aut illum dolorum vero omnis aut a deserunt. Dolores et tempora unde iure quibusdam. Et alias ut non officiis iure sint quae dolorem. Aut enim id eum aliquam eius. Omnis quo aperiam dolores voluptatem.');
INSERT INTO `brand` (`id`, `brand_name`, `description_brand`) VALUES ('28', 'rerum', 'Quae non aspernatur explicabo dolore soluta non porro voluptas. Fugit rerum blanditiis blanditiis dolorum sunt nemo. Quaerat rerum tempore cum totam.');
INSERT INTO `brand` (`id`, `brand_name`, `description_brand`) VALUES ('29', 'deleniti', 'Occaecati nulla rerum beatae adipisci similique distinctio veritatis. Cupiditate nesciunt quae sunt laudantium quae qui dolores.');
INSERT INTO `brand` (`id`, `brand_name`, `description_brand`) VALUES ('30', 'hic', 'Nobis vel aliquam tenetur nesciunt maiores placeat voluptatum. Et recusandae ratione dolorem architecto. Sint quo ea et est nihil architecto.');
INSERT INTO `brand` (`id`, `brand_name`, `description_brand`) VALUES ('31', 'consequatur', 'Unde numquam et est et. Autem quia esse consectetur. Sunt recusandae impedit totam quas amet et repellat dolorem.');
INSERT INTO `brand` (`id`, `brand_name`, `description_brand`) VALUES ('32', 'esse', 'Qui et temporibus aut cumque doloribus. Qui ea saepe autem tempore reprehenderit quis. Tempore vitae voluptatem laudantium pariatur aut vitae voluptatem.');
INSERT INTO `brand` (`id`, `brand_name`, `description_brand`) VALUES ('33', 'qui', 'Magnam maiores consequatur doloribus temporibus magni excepturi sapiente est. Porro dolorem quaerat ab nisi nostrum laudantium. Sapiente eum ducimus libero officiis praesentium sed nihil porro.');
INSERT INTO `brand` (`id`, `brand_name`, `description_brand`) VALUES ('34', 'nihil', 'Fugit et ducimus officiis consequatur dolores modi esse. Dolores asperiores harum eum qui quisquam hic. Quo odit et dolorem corrupti dolor quaerat.');
INSERT INTO `brand` (`id`, `brand_name`, `description_brand`) VALUES ('35', 'occaecati', 'Qui non inventore cupiditate consequatur. Sit et ex id sint praesentium omnis. Enim rerum exercitationem voluptates.');
INSERT INTO `brand` (`id`, `brand_name`, `description_brand`) VALUES ('36', 'vero', 'Accusamus quo est debitis repellat. Reprehenderit ipsum et voluptatem in repellat et. Itaque id animi ea. Pariatur modi non ut iure eius doloribus id consequatur.');
INSERT INTO `brand` (`id`, `brand_name`, `description_brand`) VALUES ('37', 'minima', 'Inventore accusamus autem repudiandae rem saepe quam. Minima dolor dolorem temporibus molestiae et voluptatem. Tenetur aliquam provident quisquam quaerat ex voluptatum quasi. Error et deserunt unde quidem repellendus quas repellat consequuntur.');
INSERT INTO `brand` (`id`, `brand_name`, `description_brand`) VALUES ('38', 'debitis', 'Ea id nostrum et eum aut. Maxime commodi incidunt non corporis. Saepe ex eveniet omnis aut reiciendis dolor et.');
INSERT INTO `brand` (`id`, `brand_name`, `description_brand`) VALUES ('39', 'sed', 'Eligendi quia iure tempora fugit autem. Illo assumenda minus at tenetur aperiam. Culpa rem sunt eligendi sunt velit et excepturi. Placeat quam provident id ipsum consequuntur sequi. Doloribus quasi corrupti ea voluptatem eveniet vero qui.');
INSERT INTO `brand` (`id`, `brand_name`, `description_brand`) VALUES ('40', 'omnis', 'Molestias omnis et sunt quas sit voluptatem. Voluptatibus molestiae aliquam quia.');
INSERT INTO `brand` (`id`, `brand_name`, `description_brand`) VALUES ('41', 'iure', 'Fuga laborum fugiat cupiditate aut nesciunt autem consectetur neque. Totam laboriosam facere sed dolorem aperiam voluptas harum. Modi eius assumenda commodi nihil. Animi enim repellat qui tenetur eveniet vitae.');
INSERT INTO `brand` (`id`, `brand_name`, `description_brand`) VALUES ('42', 'molestiae', 'Sint quibusdam voluptatibus quo sint quas corporis. Ad qui fuga nihil quibusdam eligendi quo. Animi sit optio commodi velit et in illum pariatur. Inventore reprehenderit sint et quia beatae asperiores eum.');
INSERT INTO `brand` (`id`, `brand_name`, `description_brand`) VALUES ('43', 'quisquam', 'Voluptatibus qui praesentium et reprehenderit praesentium nobis unde. Eaque qui et ullam perspiciatis est aut. Non nobis explicabo repellat reiciendis dignissimos ex omnis. Quibusdam aut iusto et maxime.');
INSERT INTO `brand` (`id`, `brand_name`, `description_brand`) VALUES ('44', 'id', 'Maxime temporibus modi nihil id. Rerum fugiat doloribus occaecati odio. Ipsum consequuntur minus molestiae et debitis.');
INSERT INTO `brand` (`id`, `brand_name`, `description_brand`) VALUES ('45', 'enim', 'Velit itaque rerum incidunt quibusdam et. Praesentium voluptatibus quibusdam architecto ut ducimus quae quod. Qui ducimus amet velit.');
INSERT INTO `brand` (`id`, `brand_name`, `description_brand`) VALUES ('46', 'necessitatibus', 'Quibusdam non sint blanditiis illum officiis mollitia. Omnis qui explicabo sunt aliquid exercitationem esse in. Nobis est dolores at exercitationem.');
INSERT INTO `brand` (`id`, `brand_name`, `description_brand`) VALUES ('47', 'vel', 'Facilis dolorem officiis consequatur est aut. Debitis cum minus et quod. Aut aut non iure qui quo officia placeat.');
INSERT INTO `brand` (`id`, `brand_name`, `description_brand`) VALUES ('48', 'tempora', 'Qui alias quaerat ipsa facilis error aut doloribus. A qui natus placeat laboriosam minus sunt nostrum. Quibusdam necessitatibus modi autem quos quis.');
INSERT INTO `brand` (`id`, `brand_name`, `description_brand`) VALUES ('49', 'earum', 'Eveniet est tempora suscipit laudantium. Id nemo aut eveniet qui sunt. Nesciunt eaque reprehenderit voluptas nihil necessitatibus sint dignissimos.');
INSERT INTO `brand` (`id`, `brand_name`, `description_brand`) VALUES ('50', 'ut', 'Optio non eaque ratione neque tenetur possimus numquam. Voluptatum adipisci mollitia dolor ducimus omnis fuga et vero. Est ea quis est ex.');



INSERT INTO `model` (`id`, `model_name`, `description_model`, `brand_id`, `dealer_id`, `characteristics`, `price`) VALUES ('2', 'ut', 'Molestias possimus sapiente ea ratione amet. Molestiae eos architecto neque consequatur. Similique quae ut voluptatem et recusandae. Itaque debitis voluptatem inventore nihil ipsam.', '2', '2', 'Voluptatum error fugit consequatur molestias dolore.', 72678);
INSERT INTO `model` (`id`, `model_name`, `description_model`, `brand_id`, `dealer_id`, `characteristics`, `price`) VALUES ('3', 'impedit', 'Eos officiis nam aliquam maxime incidunt alias. Ab laborum architecto sunt nisi. Consequuntur quas repudiandae cumque voluptas enim consequatur. Voluptatum corporis sed incidunt et quia recusandae.', '3', '3', 'Vero accusamus alias consequatur omnis ut pariatur ex.', 53899);
INSERT INTO `model` (`id`, `model_name`, `description_model`, `brand_id`, `dealer_id`, `characteristics`, `price`) VALUES ('4', 'officiis', 'Asperiores nostrum error incidunt velit quas dolorum rerum. Doloribus vitae aut possimus itaque alias. In saepe sed expedita ducimus rerum nostrum.', '4', '4', 'Autem nostrum officia voluptatem possimus fuga quod.', 68726);
INSERT INTO `model` (`id`, `model_name`, `description_model`, `brand_id`, `dealer_id`, `characteristics`, `price`) VALUES ('5', 'rerum', 'Sed neque itaque expedita fugit praesentium. Placeat magnam in aspernatur eaque. Incidunt magni sapiente aperiam ea in quia odio laudantium.', '5', '5', 'Maxime nam blanditiis provident placeat quasi tempora autem.', 10847);
INSERT INTO `model` (`id`, `model_name`, `description_model`, `brand_id`, `dealer_id`, `characteristics`, `price`) VALUES ('6', 'et', 'Odio facere alias non debitis enim sint. Quae quis dolorem est quia ex animi porro. Quidem illum aut aut accusantium velit recusandae officia.', '6', '6', 'Illum sit iste magni sint.', 98104);
INSERT INTO `model` (`id`, `model_name`, `description_model`, `brand_id`, `dealer_id`, `characteristics`, `price`) VALUES ('7', 'eos', 'Est ea voluptas nihil vel voluptatum. Sit libero laborum rerum expedita maxime. Et voluptatem illo eligendi explicabo unde suscipit adipisci sint. Harum iusto commodi ut natus magnam illum cupiditate nulla.', '7', '7', 'Laudantium quisquam nostrum ut.', 30345);
INSERT INTO `model` (`id`, `model_name`, `description_model`, `brand_id`, `dealer_id`, `characteristics`, `price`) VALUES ('8', 'ea', 'Tempora consequuntur adipisci nihil temporibus quisquam. Dolores modi et eos natus sed voluptas nam sequi. Qui voluptas adipisci culpa quia voluptatibus sint nulla. Non et non quo et corrupti.', '8', '8', 'Ab quos neque laboriosam.', 34937);
INSERT INTO `model` (`id`, `model_name`, `description_model`, `brand_id`, `dealer_id`, `characteristics`, `price`) VALUES ('9', 'neque', 'Quo dolore quia aperiam pariatur est ut cupiditate. Et beatae aut quidem qui. Dolores exercitationem sint sequi.', '9', '9', 'Sed iste accusantium quidem suscipit atque repellat ut.', 54983);
INSERT INTO `model` (`id`, `model_name`, `description_model`, `brand_id`, `dealer_id`, `characteristics`, `price`) VALUES ('10', 'est', 'Quis totam voluptatum iusto at. Ut est est inventore odio voluptate nostrum. Doloribus doloremque suscipit iusto esse. Dolor blanditiis beatae et dolor minus.', '10', '10', 'Non recusandae accusamus sit dolorum.', 78354);
INSERT INTO `model` (`id`, `model_name`, `description_model`, `brand_id`, `dealer_id`, `characteristics`, `price`) VALUES ('11', 'dolorum', 'Sit eligendi dolorem eum ut voluptate ipsum rerum quos. Nihil illum voluptate nobis voluptas saepe mollitia deserunt. Impedit qui fugit ex perspiciatis et. Minus dolores et officia aut rem aliquid.', '11', '11', 'Est minus nesciunt quo quis omnis.', 23435);
INSERT INTO `model` (`id`, `model_name`, `description_model`, `brand_id`, `dealer_id`, `characteristics`, `price`) VALUES ('12', 'recusandae', 'Incidunt sint necessitatibus aut a quis. Ea doloribus fugiat perspiciatis natus placeat quisquam dolores. Aspernatur alias voluptatibus atque molestiae voluptatum eum omnis. Accusantium laboriosam praesentium et dolor voluptate rerum eum.', '12', '12', 'Quibusdam hic corrupti aliquam.', 60553);
INSERT INTO `model` (`id`, `model_name`, `description_model`, `brand_id`, `dealer_id`, `characteristics`, `price`) VALUES ('13', 'aut', 'Quis adipisci fuga error aliquid. Tenetur quis sit nam rerum. Nam asperiores fugit natus voluptate. Provident fugiat exercitationem quo sunt sint et harum.', '13', '13', 'Voluptas ut asperiores sequi doloremque aut quia.', 1920);
INSERT INTO `model` (`id`, `model_name`, `description_model`, `brand_id`, `dealer_id`, `characteristics`, `price`) VALUES ('14', 'consequatur', 'Deserunt vero pariatur ipsum ducimus commodi. Quam consequatur accusantium perspiciatis et explicabo qui et. Facere dolor inventore animi reprehenderit et omnis. Non et et et quae ab sapiente.', '14', '14', 'Dolorem omnis odit vel expedita consequuntur.', 31966);
INSERT INTO `model` (`id`, `model_name`, `description_model`, `brand_id`, `dealer_id`, `characteristics`, `price`) VALUES ('15', 'ex', 'Et soluta facilis adipisci. Tempore cupiditate incidunt modi tenetur qui. Quo explicabo facilis sed quis beatae dolore.', '15', '15', 'Nam esse maiores repellendus.', 75114);
INSERT INTO `model` (`id`, `model_name`, `description_model`, `brand_id`, `dealer_id`, `characteristics`, `price`) VALUES ('16', 'praesentium', 'Sint sed et possimus atque sed consequatur. Ducimus facilis error deleniti eveniet error. Ex dignissimos voluptas voluptatem animi voluptas voluptatibus.', '16', '16', 'Beatae porro nemo qui velit earum animi molestiae.', 53199);
INSERT INTO `model` (`id`, `model_name`, `description_model`, `brand_id`, `dealer_id`, `characteristics`, `price`) VALUES ('17', 'iste', 'Porro porro officia ipsa nisi pariatur labore. Quis reiciendis architecto corrupti qui accusantium. Et praesentium iusto perferendis animi quidem quod repudiandae. Et aut maxime fuga pariatur deleniti atque. Cum molestias itaque rerum autem placeat asperiores.', '17', '17', 'A voluptas reprehenderit autem nam.', 3130);
INSERT INTO `model` (`id`, `model_name`, `description_model`, `brand_id`, `dealer_id`, `characteristics`, `price`) VALUES ('18', 'sit', 'Quo dicta doloribus molestiae perferendis ut voluptates. Quaerat perferendis occaecati sit non. Harum autem pariatur nostrum qui culpa. Quaerat minima ut vitae facere odit expedita autem sequi.', '18', '18', 'Omnis facilis voluptatem soluta nesciunt esse voluptas.', 81366);
INSERT INTO `model` (`id`, `model_name`, `description_model`, `brand_id`, `dealer_id`, `characteristics`, `price`) VALUES ('19', 'voluptates', 'Ut voluptate omnis qui quam placeat. Vel quam accusantium et saepe quia sapiente non.', '19', '19', 'Rem aliquid dolores dolor ex.', 51455);
INSERT INTO `model` (`id`, `model_name`, `description_model`, `brand_id`, `dealer_id`, `characteristics`, `price`) VALUES ('20', 'quasi', 'Sed ut odio dolor atque dicta. Quis amet voluptatibus repudiandae dolorem quibusdam non voluptatem.', '20', '20', 'Quibusdam sit maxime exercitationem.', 44300);
INSERT INTO `model` (`id`, `model_name`, `description_model`, `brand_id`, `dealer_id`, `characteristics`, `price`) VALUES ('21', 'dolorem', 'Dicta ullam repellendus similique reiciendis minima voluptate velit. Inventore optio officia tempore illo. Nemo eum possimus quam aperiam fuga minus. Impedit repellat dolorem dolor sit ipsa.', '21', '21', 'Est exercitationem aliquid architecto ut laborum accusantium tenetur.', 32630);
INSERT INTO `model` (`id`, `model_name`, `description_model`, `brand_id`, `dealer_id`, `characteristics`, `price`) VALUES ('22', 'quia', 'Dolore qui voluptatum id qui rerum aut non. Tenetur deserunt nisi quod quisquam vel nisi aut. Tempora quisquam quidem sint exercitationem eos minus. Sunt laborum amet id aut blanditiis aut.', '22', '22', 'Aut velit quia ut laboriosam dolorem nam vitae.', 81250);
INSERT INTO `model` (`id`, `model_name`, `description_model`, `brand_id`, `dealer_id`, `characteristics`, `price`) VALUES ('23', 'quo', 'Modi unde autem vitae id. A minus cumque adipisci magni ea voluptates. Corrupti veniam qui et praesentium.', '23', '23', 'Suscipit nostrum rem quia libero.', 51267);
INSERT INTO `model` (`id`, `model_name`, `description_model`, `brand_id`, `dealer_id`, `characteristics`, `price`) VALUES ('24', 'inventore', 'Sit enim est ut ipsum necessitatibus nostrum. Repudiandae quae aspernatur eum est voluptatum aut officiis. Accusantium ex consequatur optio.', '24', '24', 'Vero ab quos eligendi molestiae modi.', 99535);
INSERT INTO `model` (`id`, `model_name`, `description_model`, `brand_id`, `dealer_id`, `characteristics`, `price`) VALUES ('25', 'temporibus', 'Et rem similique sit ullam dolor qui ea. Suscipit beatae voluptatibus ut nihil. Eligendi aspernatur quidem maiores eius saepe. Et illo esse sit sed fuga possimus. Dolorum explicabo tempore cupiditate.', '25', '25', 'Sed consectetur aut culpa repellat nihil quos rerum ratione.', 91011);
INSERT INTO `model` (`id`, `model_name`, `description_model`, `brand_id`, `dealer_id`, `characteristics`, `price`) VALUES ('26', 'quas', 'Error error vel velit cupiditate iste aut. Est in ad ullam nihil dolorem voluptates veritatis sunt. Mollitia et delectus qui quibusdam illo harum.', '26', '26', 'Velit qui dolorem qui unde aut neque.', 61235);
INSERT INTO `model` (`id`, `model_name`, `description_model`, `brand_id`, `dealer_id`, `characteristics`, `price`) VALUES ('27', 'cum', 'Deleniti ratione quas ut voluptates. Debitis a asperiores doloribus cum deleniti qui. Rem dolorem quo necessitatibus quis. Placeat inventore fuga vero error excepturi voluptatum est.', '27', '27', 'Aut harum atque est fuga quis qui et veniam.', 92454);
INSERT INTO `model` (`id`, `model_name`, `description_model`, `brand_id`, `dealer_id`, `characteristics`, `price`) VALUES ('28', 'itaque', 'Soluta expedita atque officia voluptatem. Unde quam nisi aut eligendi expedita non. Reprehenderit eius omnis unde facere fugiat officiis. Quis nisi corporis ducimus.', '28', '28', 'Molestiae eum incidunt id aut vitae.', 34761);
INSERT INTO `model` (`id`, `model_name`, `description_model`, `brand_id`, `dealer_id`, `characteristics`, `price`) VALUES ('29', 'sapiente', 'Sit perspiciatis consequatur et voluptatibus debitis voluptate. Ratione cum quibusdam sed iure ea rerum impedit. Veniam quis dolorum aut non. Recusandae itaque praesentium ea id sapiente voluptatibus doloremque.', '29', '29', 'Doloremque totam quam unde et.', 95234);
INSERT INTO `model` (`id`, `model_name`, `description_model`, `brand_id`, `dealer_id`, `characteristics`, `price`) VALUES ('30', 'repellat', 'Omnis cumque exercitationem quia excepturi. Quidem aspernatur optio illum soluta aut qui. Corrupti odio consequatur aut nulla id officiis.', '30', '30', 'Iste maiores sit quis unde odit aut.', 96143);
INSERT INTO `model` (`id`, `model_name`, `description_model`, `brand_id`, `dealer_id`, `characteristics`, `price`) VALUES ('31', 'veritatis', 'Sunt et quo et. Tempora voluptas iste dolor sed.', '31', '31', 'Commodi officia dolor esse qui.', 28734);
INSERT INTO `model` (`id`, `model_name`, `description_model`, `brand_id`, `dealer_id`, `characteristics`, `price`) VALUES ('32', 'eligendi', 'Laborum numquam et quos est. Dolor suscipit rerum ut qui omnis consequatur libero deleniti. Nihil magni maxime aut veritatis consequatur facere veritatis rerum.', '32', '32', 'Aperiam minus qui ut aliquid.', 15149);
INSERT INTO `model` (`id`, `model_name`, `description_model`, `brand_id`, `dealer_id`, `characteristics`, `price`) VALUES ('33', 'minus', 'Voluptatem ipsum ducimus dignissimos praesentium sint labore saepe fugiat. Omnis ut quia quia tempora. In facere cum corrupti inventore consequuntur adipisci et qui.', '33', '33', 'Et soluta tempore cupiditate.', 58029);
INSERT INTO `model` (`id`, `model_name`, `description_model`, `brand_id`, `dealer_id`, `characteristics`, `price`) VALUES ('34', 'assumenda', 'Natus iste voluptatem quia sunt est error ducimus ut. Et qui facere et est voluptatibus. Numquam quo omnis ad. Doloremque assumenda fuga consectetur quod quia ullam dolores. Quasi eligendi laudantium quia minima.', '34', '34', 'Sunt quibusdam autem recusandae beatae dicta inventore accusantium.', 27302);
INSERT INTO `model` (`id`, `model_name`, `description_model`, `brand_id`, `dealer_id`, `characteristics`, `price`) VALUES ('35', 'accusamus', 'Et accusamus illum et temporibus. Quia quia qui et voluptatibus. Aperiam quos laudantium qui aut et.', '35', '35', 'Aut nostrum rerum non dolorem ullam nesciunt perspiciatis.', 64455);
INSERT INTO `model` (`id`, `model_name`, `description_model`, `brand_id`, `dealer_id`, `characteristics`, `price`) VALUES ('36', 'porro', 'Ipsam in et autem vero hic saepe. Dignissimos sed recusandae iste enim. Saepe sit ullam excepturi.', '36', '36', 'Expedita a iusto asperiores vero temporibus.', 49326);
INSERT INTO `model` (`id`, `model_name`, `description_model`, `brand_id`, `dealer_id`, `characteristics`, `price`) VALUES ('37', 'placeat', 'Aliquid et vitae ipsam exercitationem quo. Libero cupiditate quas voluptatem aliquid vel corporis.', '37', '37', 'Delectus adipisci sunt sit.', 41047);
INSERT INTO `model` (`id`, `model_name`, `description_model`, `brand_id`, `dealer_id`, `characteristics`, `price`) VALUES ('38', 'tempora', 'Minima voluptas placeat voluptatibus repudiandae quo rerum asperiores. Sint ut eligendi aspernatur occaecati omnis veniam. In laboriosam harum quia quo sequi labore. Quos perferendis reprehenderit occaecati adipisci officia.', '38', '38', 'Voluptatibus tenetur recusandae quod laborum.', 97167);
INSERT INTO `model` (`id`, `model_name`, `description_model`, `brand_id`, `dealer_id`, `characteristics`, `price`) VALUES ('39', 'dolor', 'Velit unde dolorum hic inventore. Rem enim magnam doloribus ea nemo.', '39', '39', 'Qui magnam dolor at deserunt quae enim ut accusamus.', 69408);
INSERT INTO `model` (`id`, `model_name`, `description_model`, `brand_id`, `dealer_id`, `characteristics`, `price`) VALUES ('40', 'fugiat', 'Eos excepturi magnam modi sunt vero eius sapiente. Laborum cum reprehenderit quia quo sapiente et quos. Dolorum laudantium rem esse aliquam architecto ab et.', '40', '40', 'Vero exercitationem nisi voluptates et.', 59569);
INSERT INTO `model` (`id`, `model_name`, `description_model`, `brand_id`, `dealer_id`, `characteristics`, `price`) VALUES ('41', 'minima', 'Qui atque atque nihil quod commodi magnam et. Ipsum velit excepturi eum est iusto in occaecati. Non ut officia dolorem deleniti omnis natus est.', '41', '41', 'Fuga tenetur atque soluta cumque.', 2405);
INSERT INTO `model` (`id`, `model_name`, `description_model`, `brand_id`, `dealer_id`, `characteristics`, `price`) VALUES ('42', 'delectus', 'Aut laboriosam commodi quasi velit qui amet optio deleniti. Dolore nulla necessitatibus est et quasi id ipsa. Tempore assumenda consequuntur sit et libero temporibus aut.', '42', '42', 'Natus cupiditate est est.', 53647);
INSERT INTO `model` (`id`, `model_name`, `description_model`, `brand_id`, `dealer_id`, `characteristics`, `price`) VALUES ('43', 'officia', 'Et nesciunt distinctio et et molestias. Iure rerum impedit aliquam aut et dicta totam exercitationem. Ex tempora laudantium sint ad veniam optio sit. Perferendis nobis excepturi fugit pariatur minus sed. Blanditiis est voluptatum culpa nobis accusamus iste.', '43', '43', 'Sed repellendus accusantium itaque quia perferendis tempora fugit.', 22755);
INSERT INTO `model` (`id`, `model_name`, `description_model`, `brand_id`, `dealer_id`, `characteristics`, `price`) VALUES ('44', 'dolores', 'Vel ut quasi corrupti et sequi numquam. Quasi corrupti aliquid qui dignissimos aut blanditiis delectus cumque. Voluptas est nihil dolorem laborum et.', '44', '44', 'At quod recusandae consectetur.', 23143);
INSERT INTO `model` (`id`, `model_name`, `description_model`, `brand_id`, `dealer_id`, `characteristics`, `price`) VALUES ('45', 'similique', 'Ut deserunt voluptatem veritatis magni qui. Sint aspernatur ratione facere corporis illum aut sed. Voluptas in facilis similique dolorem. Sequi aperiam sit deleniti tempore odio id officiis.', '45', '45', 'Odit quia voluptatem ea excepturi praesentium fugit quo.', 47202);
INSERT INTO `model` (`id`, `model_name`, `description_model`, `brand_id`, `dealer_id`, `characteristics`, `price`) VALUES ('46', 'in', 'Et dicta ut impedit autem. Possimus et blanditiis et quo debitis distinctio. Voluptas culpa ea quas nihil.', '46', '46', 'Et itaque illo qui adipisci iure dolore optio.', 18312);
INSERT INTO `model` (`id`, `model_name`, `description_model`, `brand_id`, `dealer_id`, `characteristics`, `price`) VALUES ('47', 'ullam', 'Voluptas sapiente est pariatur eveniet molestiae qui. Nostrum autem et non. Totam hic voluptates vero illum. Ut eveniet quisquam voluptatem eum animi ut eum. Error sequi et quasi ut sunt consequatur reiciendis velit.', '47', '47', 'Ut blanditiis odio est et quibusdam.', 83760);
INSERT INTO `model` (`id`, `model_name`, `description_model`, `brand_id`, `dealer_id`, `characteristics`, `price`) VALUES ('48', 'quisquam', 'Ut rerum fugiat enim autem quia natus. Non doloribus dicta quod voluptas doloremque hic.', '48', '48', 'Tenetur consequatur illo quibusdam similique.', 56532);
INSERT INTO `model` (`id`, `model_name`, `description_model`, `brand_id`, `dealer_id`, `characteristics`, `price`) VALUES ('49', 'ipsam', 'Et corporis molestiae ut adipisci sed eum quaerat. Dicta natus voluptatibus saepe dolorem quas itaque sint. Corrupti autem nobis velit rerum corrupti velit. Omnis et sunt voluptatem reprehenderit omnis non ea.', '49', '49', 'Et sit in quae tenetur quia omnis alias laudantium.', 8814);
INSERT INTO `model` (`id`, `model_name`, `description_model`, `brand_id`, `dealer_id`, `characteristics`, `price`) VALUES ('50', 'voluptas', 'Quia quam quod quam ea quam. Voluptate excepturi maxime tempore voluptas vel.', '50', '50', 'Voluptatum cupiditate totam qui rerum.', 19063);
INSERT INTO `model` (`id`, `model_name`, `description_model`, `brand_id`, `dealer_id`, `characteristics`, `price`) VALUES ('51', 'non', 'Et voluptatem fuga magni voluptatem. Reiciendis velit illo sed inventore ut aliquam. Magni molestiae quibusdam ratione commodi sint dolor quia. Minus possimus et itaque animi.', '1', '51', 'Id saepe neque dolore beatae tempore inventore laborum.', 26884);
INSERT INTO `model` (`id`, `model_name`, `description_model`, `brand_id`, `dealer_id`, `characteristics`, `price`) VALUES ('52', 'vero', 'Corporis totam omnis voluptate similique omnis optio pariatur. Deleniti adipisci error laborum iste harum et vero ut. Sed dignissimos perferendis excepturi sint reiciendis id quia ea.', '2', '52', 'Quaerat blanditiis cum voluptatum dolor illo.', 8461);
INSERT INTO `model` (`id`, `model_name`, `description_model`, `brand_id`, `dealer_id`, `characteristics`, `price`) VALUES ('53', 'molestiae', 'Minus non nesciunt consequatur. Reiciendis hic quibusdam saepe cupiditate laudantium. Aut totam saepe quae fuga voluptate necessitatibus.', '3', '53', 'Voluptatem nihil eos et et.', 70985);
INSERT INTO `model` (`id`, `model_name`, `description_model`, `brand_id`, `dealer_id`, `characteristics`, `price`) VALUES ('54', 'perferendis', 'Velit similique autem eaque ut facilis. Consequatur iusto dolorum eaque occaecati voluptatibus pariatur magni. Numquam et quasi voluptas quibusdam.', '4', '54', 'Qui tenetur sed itaque quod sequi.', 69679);
INSERT INTO `model` (`id`, `model_name`, `description_model`, `brand_id`, `dealer_id`, `characteristics`, `price`) VALUES ('55', 'perspiciatis', 'Ut libero in soluta eligendi deserunt ipsum. Quisquam corrupti atque eaque quas odit. Repudiandae eos optio expedita veniam et ipsam corrupti.', '5', '55', 'Est eos ipsa unde illum ratione.', 90306);
INSERT INTO `model` (`id`, `model_name`, `description_model`, `brand_id`, `dealer_id`, `characteristics`, `price`) VALUES ('56', 'exercitationem', 'Exercitationem quam delectus et maxime debitis ipsam rerum. Provident exercitationem laboriosam aliquid aliquam dolorum nesciunt fugiat. Voluptatem mollitia in aliquid aspernatur. Inventore harum consectetur architecto.', '6', '56', 'Quae nemo quae voluptatem.', 26854);
INSERT INTO `model` (`id`, `model_name`, `description_model`, `brand_id`, `dealer_id`, `characteristics`, `price`) VALUES ('57', 'atque', 'Rerum sequi mollitia consequatur consequatur saepe dolorem. Hic ea quia fuga rerum cupiditate. Possimus pariatur ut ut vel nihil tenetur.', '7', '57', 'Laborum velit non sunt esse ab voluptate.', 15601);
INSERT INTO `model` (`id`, `model_name`, `description_model`, `brand_id`, `dealer_id`, `characteristics`, `price`) VALUES ('58', 'nihil', 'Sunt voluptates soluta dolor veritatis libero quis voluptas. Possimus voluptatem esse placeat consequatur voluptas repellat. Et aut autem porro asperiores ullam amet.', '8', '58', 'Ut quae porro voluptates ea quia et.', 53020);
INSERT INTO `model` (`id`, `model_name`, `description_model`, `brand_id`, `dealer_id`, `characteristics`, `price`) VALUES ('59', 'autem', 'Dolores voluptatem est recusandae nesciunt quia distinctio aut. Deleniti illum et qui eos facilis necessitatibus. Dolorum maxime dolorem labore odit cupiditate a vel vel.', '9', '59', 'Aut eveniet dolorem repellat excepturi sapiente possimus ipsum.', 80846);
INSERT INTO `model` (`id`, `model_name`, `description_model`, `brand_id`, `dealer_id`, `characteristics`, `price`) VALUES ('60', 'illum', 'Ea voluptatem quia mollitia beatae. Blanditiis asperiores aperiam sequi et. Qui et necessitatibus tempora assumenda non et enim repellat.', '10', '60', 'Qui cum provident autem non.', 17979);
INSERT INTO `model` (`id`, `model_name`, `description_model`, `brand_id`, `dealer_id`, `characteristics`, `price`) VALUES ('61', 'amet', 'Minima placeat ut minima consequatur. Voluptatum non aut aliquid numquam voluptatem recusandae perferendis velit.', '11', '61', 'Dignissimos ut quae qui praesentium unde consequuntur nam.', 42413);
INSERT INTO `model` (`id`, `model_name`, `description_model`, `brand_id`, `dealer_id`, `characteristics`, `price`) VALUES ('62', 'aperiam', 'Possimus molestias minus sapiente omnis voluptates dolore. Molestiae aut aut voluptatem deserunt quisquam. Dolor et reiciendis vero perspiciatis commodi delectus. Eligendi corporis doloribus aperiam ut qui quo.', '12', '62', 'Ea sit consequatur ut doloremque rerum ut fuga.', 58988);
INSERT INTO `model` (`id`, `model_name`, `description_model`, `brand_id`, `dealer_id`, `characteristics`, `price`) VALUES ('63', 'sequi', 'Officia atque consequatur provident tempore provident voluptatem. Sint numquam incidunt accusantium non aut qui quia. Nihil voluptas sequi perferendis laudantium quia. Sunt reprehenderit odio nulla exercitationem ea.', '13', '63', 'Nulla voluptas debitis et.', 39633);
INSERT INTO `model` (`id`, `model_name`, `description_model`, `brand_id`, `dealer_id`, `characteristics`, `price`) VALUES ('64', 'fugit', 'Repellendus iusto expedita et cupiditate. Aut quasi consequatur laudantium. Nihil officia libero aperiam ea qui voluptas quam. Cum aperiam nihil totam libero.', '14', '64', 'Ea harum nobis id omnis nam perferendis.', 88003);
INSERT INTO `model` (`id`, `model_name`, `description_model`, `brand_id`, `dealer_id`, `characteristics`, `price`) VALUES ('65', 'enim', 'Ratione voluptatem perspiciatis sit tempora voluptatem est. Qui nam voluptatum sit accusantium. Eum beatae pariatur excepturi est ullam autem. Incidunt hic voluptatem quia explicabo.', '15', '65', 'Ut esse quasi et qui cum sunt.', 25171);
INSERT INTO `model` (`id`, `model_name`, `description_model`, `brand_id`, `dealer_id`, `characteristics`, `price`) VALUES ('66', 'nobis', 'Deserunt qui tempora quia omnis. Vel est beatae vel sit unde ea. Eaque ipsum molestiae quidem dignissimos harum molestiae vero.', '16', '66', 'Velit fuga sint temporibus optio sapiente.', 93893);
INSERT INTO `model` (`id`, `model_name`, `description_model`, `brand_id`, `dealer_id`, `characteristics`, `price`) VALUES ('67', 'quis', 'Et voluptatibus est architecto animi iusto laborum doloremque architecto. Sint maxime eum perferendis pariatur fuga dolores nisi. Ullam vel et et itaque explicabo exercitationem fuga incidunt. Error ad est est rerum.', '17', '67', 'Aliquam quod modi ipsam deleniti.', 71123);
INSERT INTO `model` (`id`, `model_name`, `description_model`, `brand_id`, `dealer_id`, `characteristics`, `price`) VALUES ('68', 'reiciendis', 'Quia labore vel tempore mollitia quas numquam. Consequuntur eos optio iusto tempore. Qui sunt doloribus cupiditate sapiente fuga sunt voluptas.', '18', '68', 'Qui ut nisi aut pariatur libero.', 38768);
INSERT INTO `model` (`id`, `model_name`, `description_model`, `brand_id`, `dealer_id`, `characteristics`, `price`) VALUES ('69', 'debitis', 'Quia esse quibusdam est dolore odio delectus cupiditate. Molestiae rerum maiores qui. Odit ullam cupiditate quasi aperiam numquam fugit.', '19', '69', 'Maxime expedita doloremque dolorem quis asperiores voluptas aut.', 30011);
INSERT INTO `model` (`id`, `model_name`, `description_model`, `brand_id`, `dealer_id`, `characteristics`, `price`) VALUES ('70', 'numquam', 'Qui officiis sequi recusandae doloremque ducimus. Est nihil accusantium iusto itaque qui nostrum aliquid. Dolores iusto ut vel quidem itaque cumque voluptatem non.', '20', '70', 'Et corporis nam mollitia deleniti libero numquam magni.', 49318);
INSERT INTO `model` (`id`, `model_name`, `description_model`, `brand_id`, `dealer_id`, `characteristics`, `price`) VALUES ('71', 'nam', 'Nobis voluptates dolorem laboriosam optio aut ut. Eius perferendis officiis ut dicta dolores non voluptate corrupti. Cumque vero esse odio odio et ut assumenda.', '21', '71', 'Possimus et amet et exercitationem doloremque.', 19975);
INSERT INTO `model` (`id`, `model_name`, `description_model`, `brand_id`, `dealer_id`, `characteristics`, `price`) VALUES ('72', 'qui', 'Qui qui dolorem eligendi necessitatibus ea numquam. Modi similique provident quia iure similique quibusdam ut. Quia quos autem quo praesentium.', '22', '72', 'Perspiciatis et qui tenetur sit sunt perferendis.', 76404);
INSERT INTO `model` (`id`, `model_name`, `description_model`, `brand_id`, `dealer_id`, `characteristics`, `price`) VALUES ('73', 'sed', 'Ut ullam voluptatem omnis ipsa. Repellat autem dolores qui sit eos vitae repellat. Voluptatum iste et culpa odit atque tempora veritatis. Illum dolores saepe sed facilis vel.', '23', '73', 'Atque enim quisquam non non facilis corporis ipsam.', 59053);
INSERT INTO `model` (`id`, `model_name`, `description_model`, `brand_id`, `dealer_id`, `characteristics`, `price`) VALUES ('74', 'at', 'Et esse quas culpa voluptatibus. Fuga a eum fugiat eum voluptatem harum deserunt. Omnis voluptas commodi enim et. Natus delectus deleniti laboriosam qui incidunt quis.', '24', '74', 'Sequi soluta sint autem ex voluptate.', 20467);
INSERT INTO `model` (`id`, `model_name`, `description_model`, `brand_id`, `dealer_id`, `characteristics`, `price`) VALUES ('75', 'doloremque', 'Est magni est incidunt vitae earum dicta aliquam rem. Voluptatem ut omnis eos enim ut facilis nam et. Enim voluptates perspiciatis consequatur perspiciatis qui tenetur.', '25', '75', 'Quas qui qui necessitatibus ut ipsam sit qui.', 76214);
INSERT INTO `model` (`id`, `model_name`, `description_model`, `brand_id`, `dealer_id`, `characteristics`, `price`) VALUES ('76', 'aliquam', 'Vitae neque consequuntur aut molestiae. Voluptatum minima soluta harum expedita ut natus non. Debitis officiis qui quia.', '26', '76', 'Omnis dolorem doloremque officiis libero voluptate.', 50691);
INSERT INTO `model` (`id`, `model_name`, `description_model`, `brand_id`, `dealer_id`, `characteristics`, `price`) VALUES ('77', 'ipsum', 'Pariatur quia beatae culpa accusantium nisi id et. Laudantium reprehenderit omnis aut exercitationem. Expedita sunt dolor et eius cumque. Culpa in rerum asperiores qui accusamus fugiat.', '27', '77', 'Quis delectus eos culpa et aut eos nisi.', 35090);
INSERT INTO `model` (`id`, `model_name`, `description_model`, `brand_id`, `dealer_id`, `characteristics`, `price`) VALUES ('78', 'optio', 'Et occaecati accusamus maiores a fugiat officia. Ea excepturi maiores est incidunt nisi sit quia. Quia accusamus earum ea ab omnis inventore et. Asperiores praesentium enim dicta voluptate beatae tempora qui. Ab pariatur esse totam et dolores excepturi.', '28', '78', 'Maiores incidunt ullam dolore est dolores et molestias.', 46581);
INSERT INTO `model` (`id`, `model_name`, `description_model`, `brand_id`, `dealer_id`, `characteristics`, `price`) VALUES ('79', 'illo', 'Est a explicabo sit. Et inventore ratione aliquid harum est. Est possimus minus deleniti magni voluptatem in facilis.', '29', '79', 'Sint quam nihil dicta blanditiis nulla veniam impedit.', 35043);
INSERT INTO `model` (`id`, `model_name`, `description_model`, `brand_id`, `dealer_id`, `characteristics`, `price`) VALUES ('80', 'cupiditate', 'Enim beatae odit odit molestiae. Ea omnis tenetur eius et.', '30', '80', 'Repellat eos voluptas nam.', 44180);
INSERT INTO `model` (`id`, `model_name`, `description_model`, `brand_id`, `dealer_id`, `characteristics`, `price`) VALUES ('81', 'quae', 'Sit impedit explicabo natus sequi. Modi commodi ut eligendi harum laboriosam. Fuga laudantium aperiam aut magni eligendi.', '31', '81', 'Facere reiciendis pariatur voluptatem consequuntur autem quia dolor.', 38927);
INSERT INTO `model` (`id`, `model_name`, `description_model`, `brand_id`, `dealer_id`, `characteristics`, `price`) VALUES ('82', 'adipisci', 'Nobis quas eaque dolorum natus. Facilis laudantium porro temporibus qui. Incidunt eum ad reiciendis quidem tempore. Eos ea et sapiente quae quasi.', '32', '82', 'Maxime sapiente ut aliquid et.', 56807);
INSERT INTO `model` (`id`, `model_name`, `description_model`, `brand_id`, `dealer_id`, `characteristics`, `price`) VALUES ('83', 'animi', 'Incidunt beatae vero consectetur ut. Nisi sunt et optio nihil quis. Eum cumque iusto expedita.', '33', '83', 'Commodi unde dolores praesentium dolorem expedita.', 32430);
INSERT INTO `model` (`id`, `model_name`, `description_model`, `brand_id`, `dealer_id`, `characteristics`, `price`) VALUES ('84', 'saepe', 'Quia error porro quia voluptatum. Consequatur ut culpa vel excepturi delectus illum omnis. Aut sunt sit dolorem quos et. Sed dicta dignissimos iste aut magnam nesciunt placeat. Nisi culpa porro possimus.', '34', '84', 'Facilis odio voluptatem optio omnis.', 11986);
INSERT INTO `model` (`id`, `model_name`, `description_model`, `brand_id`, `dealer_id`, `characteristics`, `price`) VALUES ('85', 'pariatur', 'Vel deleniti assumenda deserunt labore velit ipsum. Ut accusamus et nobis. Placeat quisquam in doloremque. Ut eligendi dolore nemo aliquid quaerat inventore sequi. Adipisci fuga eaque et corrupti et.', '35', '85', 'Amet consequatur animi ut laboriosam voluptatem ex.', 3950);
INSERT INTO `model` (`id`, `model_name`, `description_model`, `brand_id`, `dealer_id`, `characteristics`, `price`) VALUES ('86', 'omnis', 'Sunt ipsa qui est accusantium facere facere aut. Quo repellat cupiditate excepturi laudantium sit. Aut suscipit et molestias ullam harum ut. Nihil aspernatur reprehenderit autem et rerum quia.', '36', '86', 'Illo natus ut autem.', 71622);
INSERT INTO `model` (`id`, `model_name`, `description_model`, `brand_id`, `dealer_id`, `characteristics`, `price`) VALUES ('87', 'voluptatem', 'Distinctio nisi dolorum excepturi delectus error. Atque aut voluptas omnis fugit nihil et quo. Aspernatur quidem ut dicta voluptas. Laboriosam rerum est veniam cum.', '37', '87', 'Odit laboriosam unde tenetur.', 25356);
INSERT INTO `model` (`id`, `model_name`, `description_model`, `brand_id`, `dealer_id`, `characteristics`, `price`) VALUES ('88', 'sint', 'Eos illo delectus magni dolores beatae debitis. Magni placeat ut et eos aperiam eligendi. Voluptatum consequatur aut deleniti sequi non odit. Dolorem dignissimos eveniet expedita fuga provident sapiente amet.', '38', '88', 'Vel deserunt culpa nostrum aut non.', 56214);
INSERT INTO `model` (`id`, `model_name`, `description_model`, `brand_id`, `dealer_id`, `characteristics`, `price`) VALUES ('89', 'accusantium', 'Ducimus veniam qui nulla consectetur voluptatibus esse dolores mollitia. Aliquam tempora ratione laborum. Non voluptas facere est. Commodi alias reprehenderit voluptatem quisquam distinctio.', '39', '89', 'Eum nam occaecati dolorem porro quo quis quo.', 93581);
INSERT INTO `model` (`id`, `model_name`, `description_model`, `brand_id`, `dealer_id`, `characteristics`, `price`) VALUES ('90', 'quos', 'Dolores illum culpa tempore voluptatem et quasi. Voluptatibus accusantium corrupti hic et et sed ea. Nesciunt iure dolor aut similique. Quas officiis ex sed sunt sequi magnam. Quo aspernatur repellat blanditiis.', '40', '90', 'Qui et ratione non tempore sed non aut.', 71520);
INSERT INTO `model` (`id`, `model_name`, `description_model`, `brand_id`, `dealer_id`, `characteristics`, `price`) VALUES ('91', 'id', 'Omnis id adipisci alias similique voluptatem officia in. Voluptas aliquid vel aut deleniti et beatae aut sunt. Quibusdam nesciunt et temporibus earum aut sed dicta enim.', '41', '91', 'Eaque sunt quia illo dolorem ut.', 55173);
INSERT INTO `model` (`id`, `model_name`, `description_model`, `brand_id`, `dealer_id`, `characteristics`, `price`) VALUES ('92', 'repudiandae', 'Impedit error voluptate incidunt nemo. Et rerum recusandae soluta beatae vitae illum. Officiis tempore blanditiis dolorum id. Commodi magnam sit libero ut qui. Velit tempore aut ducimus mollitia animi ut.', '42', '92', 'Voluptate et voluptatem earum odio magni.', 27557);
INSERT INTO `model` (`id`, `model_name`, `description_model`, `brand_id`, `dealer_id`, `characteristics`, `price`) VALUES ('93', 'ipsa', 'Ut fuga omnis quis atque rem tempora. Incidunt itaque fugiat necessitatibus ad rem ullam quia numquam. Error esse ea et error corrupti qui nam temporibus. Dolores ad reprehenderit voluptas molestiae repellendus exercitationem.', '43', '93', 'Est sint aut earum eum pariatur velit officia.', 28165);
INSERT INTO `model` (`id`, `model_name`, `description_model`, `brand_id`, `dealer_id`, `characteristics`, `price`) VALUES ('94', 'laboriosam', 'Praesentium voluptate fugit tenetur earum. Maxime adipisci illo eligendi nam modi aliquid. Quia veniam ea temporibus dolorum. Aut eius voluptatum impedit accusamus in quis.', '44', '94', 'Voluptas natus autem qui quos enim et.', 90231);
INSERT INTO `model` (`id`, `model_name`, `description_model`, `brand_id`, `dealer_id`, `characteristics`, `price`) VALUES ('95', 'quidem', 'Ullam expedita fuga architecto illum est. Ea ducimus molestiae voluptatem quaerat et unde. Sit libero et similique aut. Mollitia quidem non culpa officia ex est.', '45', '95', 'Ut sed nesciunt non nostrum dolor pariatur porro.', 4932);
INSERT INTO `model` (`id`, `model_name`, `description_model`, `brand_id`, `dealer_id`, `characteristics`, `price`) VALUES ('96', 'velit', 'Sint et autem aliquam harum unde est. Vero consequuntur nobis expedita qui est. Consequatur quam sequi tenetur quod iste dolorum quis. Ut necessitatibus eos corrupti hic.', '46', '96', 'Natus ullam exercitationem est ipsam.', 64019);
INSERT INTO `model` (`id`, `model_name`, `description_model`, `brand_id`, `dealer_id`, `characteristics`, `price`) VALUES ('97', 'vitae', 'Quidem ea pariatur vitae sapiente animi. Laborum et maxime ut eum. Est consequatur ipsam ea in aut voluptatem.', '47', '97', 'Ut omnis molestiae animi ut.', 2782);
INSERT INTO `model` (`id`, `model_name`, `description_model`, `brand_id`, `dealer_id`, `characteristics`, `price`) VALUES ('98', 'earum', 'Aut assumenda deserunt vel qui rerum est occaecati. Sed qui repudiandae quis ullam magni ullam nemo deleniti. Perferendis sunt hic explicabo velit reiciendis rerum.', '48', '98', 'Ad labore accusantium eaque vel ea impedit.', 53536);
INSERT INTO `model` (`id`, `model_name`, `description_model`, `brand_id`, `dealer_id`, `characteristics`, `price`) VALUES ('99', 'beatae', 'Et illum cumque distinctio cum eaque. Quis et voluptas quia quo laborum voluptatem consequuntur.', '49', '99', 'Corrupti culpa repellendus accusamus et aut.', 77733);
INSERT INTO `model` (`id`, `model_name`, `description_model`, `brand_id`, `dealer_id`, `characteristics`, `price`) VALUES ('100', 'nisi', 'Aut sit et est officiis quos sunt. Dolorum asperiores est ea. Pariatur occaecati et soluta odio quia quo magni.', '50', '100', 'Qui minus hic tenetur itaque molestiae a amet.', 93972);




INSERT INTO `users` (`id`, `nikname`, `avatar`, `phone`, `e_mail`, `about`, `birthday`, `gender`, `password_hash`, `created_at`) VALUES ('2', 'neque', 'http://lorempixel.com/640/480/', '1-000-202-3', 'jgottlieb@example.com', 'Temporibus praesentium qui aut quia quia eos omnis occaecati.', '2011-09-26', 'f', '7e60dd460ac4127aa9bb25b99f528ca4c4751fcb', '2019-03-01 01:05:31');
INSERT INTO `users` (`id`, `nikname`, `avatar`, `phone`, `e_mail`, `about`, `birthday`, `gender`, `password_hash`, `created_at`) VALUES ('3', 'blanditiis', 'http://lorempixel.com/640/480/', '1-536-252-9', 'filiberto58@example.net', 'Inventore dolor rerum velit.', '1983-04-26', 'f', '8d84e00a6d5f0ce94fdc48f72680fd0c735702a5', '1975-12-21 04:12:55');
INSERT INTO `users` (`id`, `nikname`, `avatar`, `phone`, `e_mail`, `about`, `birthday`, `gender`, `password_hash`, `created_at`) VALUES ('4', 'nesciunt', 'http://lorempixel.com/640/480/', '1-933-997-3', 'keebler.malvina@example.net', 'Architecto commodi fugiat hic temporibus vero voluptatem fugit.', '1987-04-29', 'f', 'c3602d9a42de5b481c264a907533afd3075eb8aa', '2013-11-18 14:23:24');
INSERT INTO `users` (`id`, `nikname`, `avatar`, `phone`, `e_mail`, `about`, `birthday`, `gender`, `password_hash`, `created_at`) VALUES ('5', 'et', 'http://lorempixel.com/640/480/', '1-793-435-3', 'dejon.monahan@example.org', 'Mollitia in velit magni consequatur rerum et corporis et.', '2014-12-05', 'f', '525f88a4d2c3e30f66023971d11880180caff44e', '1997-10-29 06:23:03');
INSERT INTO `users` (`id`, `nikname`, `avatar`, `phone`, `e_mail`, `about`, `birthday`, `gender`, `password_hash`, `created_at`) VALUES ('6', 'aut', 'http://lorempixel.com/640/480/', '(002)552-75', 'grayson06@example.org', 'Nostrum placeat nihil cumque deserunt fugiat.', '2008-01-15', 'm', 'c00ec7f4201fb316525a58be36c47aba88e7f0ba', '2019-05-08 17:21:24');
INSERT INTO `users` (`id`, `nikname`, `avatar`, `phone`, `e_mail`, `about`, `birthday`, `gender`, `password_hash`, `created_at`) VALUES ('7', 'autem', 'http://lorempixel.com/640/480/', '265.835.243', 'nikolaus.eloise@example.net', 'Quia dolorem unde saepe deleniti error officia cum et.', '2016-09-09', 'm', '225a74ccf42b52253ba1edd9769bc1f1af8ac90e', '1994-04-05 11:05:51');
INSERT INTO `users` (`id`, `nikname`, `avatar`, `phone`, `e_mail`, `about`, `birthday`, `gender`, `password_hash`, `created_at`) VALUES ('8', 'nihil', 'http://lorempixel.com/640/480/', '01142730010', 'cruickshank.cathrine@example.com', 'Modi temporibus quis error corrupti repudiandae natus explicabo.', '2016-04-10', 'f', '996a7d4c18a58b71185affa44c6e558a4822db9e', '1999-07-30 09:27:48');
INSERT INTO `users` (`id`, `nikname`, `avatar`, `phone`, `e_mail`, `about`, `birthday`, `gender`, `password_hash`, `created_at`) VALUES ('9', 'alias', 'http://lorempixel.com/640/480/', '(768)643-20', 'yundt.bernie@example.org', 'Et eveniet et ducimus voluptatem vel.', '2008-05-04', 'm', 'b36d3329f9007fc57b99455de73d484d737d515b', '1979-02-11 08:41:45');
INSERT INTO `users` (`id`, `nikname`, `avatar`, `phone`, `e_mail`, `about`, `birthday`, `gender`, `password_hash`, `created_at`) VALUES ('10', 'quas', 'http://lorempixel.com/640/480/', '(373)495-85', 'grace.king@example.org', 'Autem velit numquam ipsum corporis sed assumenda.', '1976-01-15', 'm', '699546211a8874c13edd3bc1c6e4af1065b68eaf', '1970-03-31 11:28:56');
INSERT INTO `users` (`id`, `nikname`, `avatar`, `phone`, `e_mail`, `about`, `birthday`, `gender`, `password_hash`, `created_at`) VALUES ('11', 'iusto', 'http://lorempixel.com/640/480/', '+42(1)81539', 'scartwright@example.com', 'Error doloribus laudantium minima.', '2017-05-16', 'm', 'e2800f0ad224928afedb9b0d4d4ff9fd7ce41fd6', '1998-04-24 04:53:39');
INSERT INTO `users` (`id`, `nikname`, `avatar`, `phone`, `e_mail`, `about`, `birthday`, `gender`, `password_hash`, `created_at`) VALUES ('12', 'nemo', 'http://lorempixel.com/640/480/', '(050)636-72', 'abel67@example.org', 'Non dolor cum quam illo ex autem.', '1975-07-29', 'm', '4028e531f13e5b1bc4b67f05ea4aa0a7fd830270', '1972-04-15 15:28:48');
INSERT INTO `users` (`id`, `nikname`, `avatar`, `phone`, `e_mail`, `about`, `birthday`, `gender`, `password_hash`, `created_at`) VALUES ('13', 'a', 'http://lorempixel.com/640/480/', '(964)879-26', 'stephon.howell@example.org', 'Occaecati ut dolores ea autem tempora vel ut omnis.', '1989-03-01', 'm', '83b6188fb8d132c89c92917e6b831be60a3dcaca', '2007-07-20 16:58:50');
INSERT INTO `users` (`id`, `nikname`, `avatar`, `phone`, `e_mail`, `about`, `birthday`, `gender`, `password_hash`, `created_at`) VALUES ('14', 'voluptatem', 'http://lorempixel.com/640/480/', '(678)128-32', 'ntromp@example.net', 'Mollitia sunt nihil sapiente sint quam recusandae quia minima.', '2009-05-16', 'm', '1790f78282411d7e34ad1a60bd30b4742f2a0d36', '1984-02-13 02:02:17');
INSERT INTO `users` (`id`, `nikname`, `avatar`, `phone`, `e_mail`, `about`, `birthday`, `gender`, `password_hash`, `created_at`) VALUES ('15', 'non', 'http://lorempixel.com/640/480/', '410.433.462', 'chelsie.dare@example.com', 'Vel consequatur possimus optio repellendus sit aut odio impedit.', '2019-08-02', 'm', 'f05b4f3a7954864dfaf3c8dbd2e2e6ef5bb0a647', '2014-08-03 02:10:37');
INSERT INTO `users` (`id`, `nikname`, `avatar`, `phone`, `e_mail`, `about`, `birthday`, `gender`, `password_hash`, `created_at`) VALUES ('16', 'repellat', 'http://lorempixel.com/640/480/', '1-181-698-9', 'reinger.melody@example.org', 'Et recusandae officia quae enim impedit blanditiis.', '2020-04-28', 'm', 'ef6808e3aa69c5f655941cf1aa5bda84df150550', '2019-07-19 10:29:55');
INSERT INTO `users` (`id`, `nikname`, `avatar`, `phone`, `e_mail`, `about`, `birthday`, `gender`, `password_hash`, `created_at`) VALUES ('17', 'similique', 'http://lorempixel.com/640/480/', '04461492267', 'verna56@example.net', 'Quis facere est laborum itaque enim quod sunt.', '1977-04-19', 'f', '706a5255cd2632c3e12c88fa95e51125545905d0', '1981-06-22 17:17:26');
INSERT INTO `users` (`id`, `nikname`, `avatar`, `phone`, `e_mail`, `about`, `birthday`, `gender`, `password_hash`, `created_at`) VALUES ('18', 'vitae', 'http://lorempixel.com/640/480/', '(193)143-63', 'kemmer.estell@example.net', 'Qui adipisci dolore quidem est sequi.', '2001-01-09', 'f', 'f54e9bee264444fb95793f50cb301f0545d7253d', '1992-07-20 16:59:59');
INSERT INTO `users` (`id`, `nikname`, `avatar`, `phone`, `e_mail`, `about`, `birthday`, `gender`, `password_hash`, `created_at`) VALUES ('19', 'fuga', 'http://lorempixel.com/640/480/', '1-875-758-8', 'macey71@example.net', 'Suscipit enim deleniti inventore eum.', '1972-02-02', 'm', 'ec251454525240c8866e2904af3cbbafac39568e', '1995-12-15 06:27:00');
INSERT INTO `users` (`id`, `nikname`, `avatar`, `phone`, `e_mail`, `about`, `birthday`, `gender`, `password_hash`, `created_at`) VALUES ('20', 'quam', 'http://lorempixel.com/640/480/', '(077)064-51', 'tward@example.net', 'In qui deleniti distinctio aut.', '1975-12-13', 'f', '9e73774ffd9af6d5acac52ea7dbcb5d803daf778', '1986-06-08 16:59:07');
INSERT INTO `users` (`id`, `nikname`, `avatar`, `phone`, `e_mail`, `about`, `birthday`, `gender`, `password_hash`, `created_at`) VALUES ('21', 'illo', 'http://lorempixel.com/640/480/', '+35(4)47597', 'block.raegan@example.net', 'Porro minus et doloribus corporis et.', '1990-07-06', 'm', '8cafc164c17df5bd95aee2c8f4fe3b7d69162258', '2012-11-08 16:53:39');
INSERT INTO `users` (`id`, `nikname`, `avatar`, `phone`, `e_mail`, `about`, `birthday`, `gender`, `password_hash`, `created_at`) VALUES ('22', 'sunt', 'http://lorempixel.com/640/480/', '1-785-644-8', 'victoria98@example.org', 'Iure consequatur laudantium ut unde exercitationem nostrum ut.', '2004-08-30', 'f', '5f0da0b0c4834bd2bfafb1b00c4740661e7e7092', '1991-10-11 10:23:09');
INSERT INTO `users` (`id`, `nikname`, `avatar`, `phone`, `e_mail`, `about`, `birthday`, `gender`, `password_hash`, `created_at`) VALUES ('23', 'assumenda', 'http://lorempixel.com/640/480/', '(094)891-75', 'stacy25@example.net', 'Aspernatur perspiciatis autem impedit reprehenderit aut quia tempora placeat.', '1997-01-24', 'm', '848044028f4bb7584d61b3374614907b88a2fc7c', '2008-08-24 15:12:02');
INSERT INTO `users` (`id`, `nikname`, `avatar`, `phone`, `e_mail`, `about`, `birthday`, `gender`, `password_hash`, `created_at`) VALUES ('24', 'dolore', 'http://lorempixel.com/640/480/', '08336312765', 'odare@example.net', 'Molestias modi autem rerum ullam dolorum.', '1992-06-30', 'm', '5e0a8d691d0e9ef0add8d064f30c69b6f7528003', '2011-02-21 17:53:51');
INSERT INTO `users` (`id`, `nikname`, `avatar`, `phone`, `e_mail`, `about`, `birthday`, `gender`, `password_hash`, `created_at`) VALUES ('25', 'facilis', 'http://lorempixel.com/640/480/', '994.303.901', 'sipes.brielle@example.com', 'Rem porro sapiente fugiat explicabo fugiat.', '2018-08-29', 'm', '381f62579d29555df6fa7a40cd6c4d383b675b6d', '2003-07-29 10:05:08');
INSERT INTO `users` (`id`, `nikname`, `avatar`, `phone`, `e_mail`, `about`, `birthday`, `gender`, `password_hash`, `created_at`) VALUES ('26', 'distinctio', 'http://lorempixel.com/640/480/', '(907)660-45', 'schmidt.sebastian@example.com', 'Rerum praesentium et adipisci voluptate rerum earum consequatur.', '1978-03-07', 'm', '77675e63d90c8eb7e0844b84e22c36deb32f1426', '1987-07-30 14:35:42');
INSERT INTO `users` (`id`, `nikname`, `avatar`, `phone`, `e_mail`, `about`, `birthday`, `gender`, `password_hash`, `created_at`) VALUES ('27', 'id', 'http://lorempixel.com/640/480/', '1-055-875-5', 'pmorar@example.net', 'Consequuntur dignissimos pariatur consequatur velit deleniti dignissimos.', '1980-10-14', 'f', '061a9ef0b084bea1c11b3aca83c9fa47985fa884', '1994-06-30 07:57:34');
INSERT INTO `users` (`id`, `nikname`, `avatar`, `phone`, `e_mail`, `about`, `birthday`, `gender`, `password_hash`, `created_at`) VALUES ('28', 'voluptas', 'http://lorempixel.com/640/480/', '1-059-894-2', 'cremin.selmer@example.com', 'Quam quaerat qui nam velit et sit.', '2019-04-17', 'm', '1e7ae2dcd3b5b76092403806813e58f085d264c4', '2007-05-14 17:12:32');
INSERT INTO `users` (`id`, `nikname`, `avatar`, `phone`, `e_mail`, `about`, `birthday`, `gender`, `password_hash`, `created_at`) VALUES ('29', 'dignissimos', 'http://lorempixel.com/640/480/', '624.233.265', 'kelton83@example.com', 'Minus distinctio blanditiis impedit id soluta porro ut.', '1984-05-13', 'm', 'edbf9357b78b7257118c422685e3cf6ca9a20830', '2005-09-08 20:41:40');
INSERT INTO `users` (`id`, `nikname`, `avatar`, `phone`, `e_mail`, `about`, `birthday`, `gender`, `password_hash`, `created_at`) VALUES ('30', 'ut', 'http://lorempixel.com/640/480/', '934-407-640', 'kulas.marques@example.org', 'Eum non ut quibusdam consequuntur at.', '1971-12-07', 'm', '497e52a9db9e4af3c830a3f50036c4d1b2c3be0b', '2013-11-26 19:31:12');
INSERT INTO `users` (`id`, `nikname`, `avatar`, `phone`, `e_mail`, `about`, `birthday`, `gender`, `password_hash`, `created_at`) VALUES ('31', 'odio', 'http://lorempixel.com/640/480/', '1-963-889-6', 'crystel27@example.net', 'Earum et enim autem et aut aut et.', '1983-03-16', 'f', 'fd7dca0e31449b1d8b01a01c1e52fa3dd2c8c69a', '1999-10-08 18:05:07');
INSERT INTO `users` (`id`, `nikname`, `avatar`, `phone`, `e_mail`, `about`, `birthday`, `gender`, `password_hash`, `created_at`) VALUES ('32', 'reiciendis', 'http://lorempixel.com/640/480/', '(654)772-99', 'audrey48@example.com', 'Nam itaque consequatur ab quia explicabo.', '1970-07-15', 'm', '4428656b1600244c45a4412707cf0d917141873a', '1986-07-13 14:48:33');
INSERT INTO `users` (`id`, `nikname`, `avatar`, `phone`, `e_mail`, `about`, `birthday`, `gender`, `password_hash`, `created_at`) VALUES ('33', 'expedita', 'http://lorempixel.com/640/480/', '(182)635-48', 'catherine46@example.net', 'Atque sed expedita porro eum ipsum asperiores enim.', '1978-06-16', 'f', '4db6390b389558a936728cb9d682128a9281d558', '1982-01-17 22:56:41');
INSERT INTO `users` (`id`, `nikname`, `avatar`, `phone`, `e_mail`, `about`, `birthday`, `gender`, `password_hash`, `created_at`) VALUES ('34', 'vel', 'http://lorempixel.com/640/480/', '903-507-211', 'chauncey.gleichner@example.org', 'Sit praesentium debitis ut sunt suscipit.', '2015-10-14', 'f', '470c54ba451fde680fbb00c502f482274d3de0d3', '2016-02-27 13:36:35');
INSERT INTO `users` (`id`, `nikname`, `avatar`, `phone`, `e_mail`, `about`, `birthday`, `gender`, `password_hash`, `created_at`) VALUES ('35', 'earum', 'http://lorempixel.com/640/480/', '697.420.204', 'gbrakus@example.net', 'Sit dolorem provident non neque.', '2015-03-15', 'f', '57a96373da4cfe77910b4bf6880c85ff15cbe565', '1999-01-10 16:23:54');
INSERT INTO `users` (`id`, `nikname`, `avatar`, `phone`, `e_mail`, `about`, `birthday`, `gender`, `password_hash`, `created_at`) VALUES ('36', 'cupiditate', 'http://lorempixel.com/640/480/', '(264)056-33', 'carol42@example.net', 'Et eos magni quo nesciunt esse.', '1995-11-24', 'm', '6f6aca26704712c22d2ca90e18c1ebcd6b455f82', '2009-10-02 16:35:13');
INSERT INTO `users` (`id`, `nikname`, `avatar`, `phone`, `e_mail`, `about`, `birthday`, `gender`, `password_hash`, `created_at`) VALUES ('37', 'nostrum', 'http://lorempixel.com/640/480/', '540-779-383', 'schaefer.adrain@example.com', 'Dolorem deserunt dolores ex aut.', '1984-03-01', 'f', 'feb93e8afbc718e329b4a8f40eeee2a3416c4f2a', '1978-01-23 05:24:14');
INSERT INTO `users` (`id`, `nikname`, `avatar`, `phone`, `e_mail`, `about`, `birthday`, `gender`, `password_hash`, `created_at`) VALUES ('38', 'qui', 'http://lorempixel.com/640/480/', '1-214-717-3', 'dennis.runte@example.org', 'Unde in repudiandae et et dolorem.', '1989-07-16', 'm', '8de40bbc418af9855d855affeeede1594d292fa8', '1976-10-25 13:31:16');
INSERT INTO `users` (`id`, `nikname`, `avatar`, `phone`, `e_mail`, `about`, `birthday`, `gender`, `password_hash`, `created_at`) VALUES ('39', 'eum', 'http://lorempixel.com/640/480/', '880-571-809', 'irowe@example.net', 'Eum voluptatem iusto ut nam.', '2007-02-07', 'f', 'fa7f9fe3c517c8fc0ba7715c17d8c53b0de7dfbc', '1979-06-12 14:05:34');
INSERT INTO `users` (`id`, `nikname`, `avatar`, `phone`, `e_mail`, `about`, `birthday`, `gender`, `password_hash`, `created_at`) VALUES ('40', 'sint', 'http://lorempixel.com/640/480/', '+64(1)03280', 'bradtke.patsy@example.net', 'Vel veritatis et sit sit a aut.', '1994-04-18', 'f', 'deefa25646ced4b9e1162dd3087b5fbc007154cf', '2010-05-14 18:33:29');
INSERT INTO `users` (`id`, `nikname`, `avatar`, `phone`, `e_mail`, `about`, `birthday`, `gender`, `password_hash`, `created_at`) VALUES ('41', 'velit', 'http://lorempixel.com/640/480/', '(600)397-17', 'schaefer.dale@example.net', 'Quae non qui reiciendis esse cum.', '2006-05-10', 'm', 'a6df4080cb5a8e1d4fe6cba7393e376150900090', '1985-07-12 17:17:08');
INSERT INTO `users` (`id`, `nikname`, `avatar`, `phone`, `e_mail`, `about`, `birthday`, `gender`, `password_hash`, `created_at`) VALUES ('42', 'at', 'http://lorempixel.com/640/480/', '347-886-310', 'lessie77@example.net', 'Odit aliquid illum quidem aut nulla molestias neque.', '2006-07-26', 'm', 'f5140e42c2fb77fea5e6ea2eb5758eb02de8c2cd', '1989-06-24 20:50:39');
INSERT INTO `users` (`id`, `nikname`, `avatar`, `phone`, `e_mail`, `about`, `birthday`, `gender`, `password_hash`, `created_at`) VALUES ('43', 'cum', 'http://lorempixel.com/640/480/', '670-618-989', 'wdooley@example.com', 'Ullam quaerat voluptatem est exercitationem cupiditate earum illum.', '2007-09-04', 'f', 'a49ee8d2aa4ef1b194fcba3ddf82fc294b845eeb', '2001-02-08 04:03:58');
INSERT INTO `users` (`id`, `nikname`, `avatar`, `phone`, `e_mail`, `about`, `birthday`, `gender`, `password_hash`, `created_at`) VALUES ('44', 'perferendis', 'http://lorempixel.com/640/480/', '(445)563-20', 'mccullough.maggie@example.net', 'Cupiditate fugiat necessitatibus excepturi eum illum.', '1997-06-23', 'f', 'b21164fc70498df24e6c3b4677119c06acd37ba1', '2019-12-30 15:15:15');
INSERT INTO `users` (`id`, `nikname`, `avatar`, `phone`, `e_mail`, `about`, `birthday`, `gender`, `password_hash`, `created_at`) VALUES ('45', 'aperiam', 'http://lorempixel.com/640/480/', '472-387-121', 'crystel.beatty@example.org', 'Non et voluptatem eveniet quam.', '1989-12-29', 'f', '5a59e1db75bb5e611f9d95c07d2dd2cedcf2f7f0', '2014-04-26 08:46:39');
INSERT INTO `users` (`id`, `nikname`, `avatar`, `phone`, `e_mail`, `about`, `birthday`, `gender`, `password_hash`, `created_at`) VALUES ('46', 'quis', 'http://lorempixel.com/640/480/', '1-381-538-4', 'justen27@example.net', 'Veniam velit expedita accusamus quam aut voluptas.', '1992-05-10', 'f', '23aba0d317b9b8a91b366002a78f8a79b15856fa', '2002-09-02 01:11:42');
INSERT INTO `users` (`id`, `nikname`, `avatar`, `phone`, `e_mail`, `about`, `birthday`, `gender`, `password_hash`, `created_at`) VALUES ('47', 'maiores', 'http://lorempixel.com/640/480/', '(971)907-53', 'dwilkinson@example.net', 'Magnam veritatis cupiditate quo non deleniti autem ut.', '1998-06-12', 'm', 'ac97a913f4ad1609e6e609985ade0351da5f4b3c', '2014-09-24 06:53:56');
INSERT INTO `users` (`id`, `nikname`, `avatar`, `phone`, `e_mail`, `about`, `birthday`, `gender`, `password_hash`, `created_at`) VALUES ('48', 'ad', 'http://lorempixel.com/640/480/', '1-359-572-0', 'citlalli.ferry@example.net', 'Esse velit est earum velit voluptas inventore reprehenderit.', '1979-03-19', 'm', '8bf64a82e5a57dcff2e5ba5dea1388713aad5fee', '1979-09-02 13:56:18');
INSERT INTO `users` (`id`, `nikname`, `avatar`, `phone`, `e_mail`, `about`, `birthday`, `gender`, `password_hash`, `created_at`) VALUES ('49', 'quasi', 'http://lorempixel.com/640/480/', '938-921-649', 'lgreen@example.org', 'Voluptas hic quasi omnis dolores voluptas placeat.', '1980-01-18', 'm', 'e5ed52dbdd3e2a0d979ad0d8bf1a6f3fa12dccd1', '2020-06-29 23:03:49');
INSERT INTO `users` (`id`, `nikname`, `avatar`, `phone`, `e_mail`, `about`, `birthday`, `gender`, `password_hash`, `created_at`) VALUES ('50', 'pariatur', 'http://lorempixel.com/640/480/', '063.657.867', 'ndouglas@example.org', 'Praesentium qui labore amet repudiandae consequatur est odit blanditiis.', '1976-01-13', 'm', 'f312007970bf55f006031352a127189563fdc48b', '2008-11-07 03:16:44');
INSERT INTO `users` (`id`, `nikname`, `avatar`, `phone`, `e_mail`, `about`, `birthday`, `gender`, `password_hash`, `created_at`) VALUES ('51', 'quibusdam', 'http://lorempixel.com/640/480/', '1-617-749-4', 'jeremie.roob@example.com', 'Id id ratione magni qui aut et eum.', '2021-01-09', 'm', 'df0767999fceceb485eaa3c5cbd53b20cc972745', '2011-12-29 06:58:42');
INSERT INTO `users` (`id`, `nikname`, `avatar`, `phone`, `e_mail`, `about`, `birthday`, `gender`, `password_hash`, `created_at`) VALUES ('52', 'eius', 'http://lorempixel.com/640/480/', '691-472-418', 'david.osinski@example.net', 'Et vero autem accusantium est velit est iste.', '2017-11-03', 'm', '0c3a5e8f675e96ebca6349d656075ac58c2a4304', '2007-04-19 18:37:25');
INSERT INTO `users` (`id`, `nikname`, `avatar`, `phone`, `e_mail`, `about`, `birthday`, `gender`, `password_hash`, `created_at`) VALUES ('53', 'laborum', 'http://lorempixel.com/640/480/', '767-709-402', 'bode.shakira@example.com', 'Expedita aut voluptas ducimus fuga rerum aut.', '1976-10-01', 'f', '5ed47c2cc5836aacfcdffe9fcf95463638d328a9', '2011-06-22 00:00:18');
INSERT INTO `users` (`id`, `nikname`, `avatar`, `phone`, `e_mail`, `about`, `birthday`, `gender`, `password_hash`, `created_at`) VALUES ('54', 'minima', 'http://lorempixel.com/640/480/', '144.623.424', 'clement59@example.net', 'Aut esse eum voluptas ad eos.', '2007-12-23', 'm', '99fcb6d09d6a284289c9ee75476f028e490121eb', '2015-06-09 09:23:51');
INSERT INTO `users` (`id`, `nikname`, `avatar`, `phone`, `e_mail`, `about`, `birthday`, `gender`, `password_hash`, `created_at`) VALUES ('55', 'tempore', 'http://lorempixel.com/640/480/', '(579)880-94', 'lorna.tillman@example.net', 'Saepe cupiditate praesentium recusandae quam consectetur mollitia soluta.', '2006-05-21', 'm', '5357cab8ac56b064b001f27a8ad439500098d1a2', '1979-02-06 06:43:41');
INSERT INTO `users` (`id`, `nikname`, `avatar`, `phone`, `e_mail`, `about`, `birthday`, `gender`, `password_hash`, `created_at`) VALUES ('56', 'laboriosam', 'http://lorempixel.com/640/480/', '(687)833-40', 'cronin.zack@example.net', 'Ullam aut ipsa mollitia corporis corporis.', '2019-01-05', 'f', '0a4b931c12272c7402e64d90b84366e3978dc451', '2005-02-04 00:44:29');
INSERT INTO `users` (`id`, `nikname`, `avatar`, `phone`, `e_mail`, `about`, `birthday`, `gender`, `password_hash`, `created_at`) VALUES ('57', 'nam', 'http://lorempixel.com/640/480/', '844.359.816', 'horacio.ziemann@example.org', 'Repellendus eum omnis eos et molestias ratione.', '1999-05-07', 'm', 'f633be061369f125b829a1d5f0a780f05720acbb', '2001-08-13 01:39:09');
INSERT INTO `users` (`id`, `nikname`, `avatar`, `phone`, `e_mail`, `about`, `birthday`, `gender`, `password_hash`, `created_at`) VALUES ('58', 'vero', 'http://lorempixel.com/640/480/', '1-143-021-5', 'stephen.feeney@example.org', 'Sapiente nulla est assumenda.', '2009-11-30', 'f', '6046ac6dacf027005113a58b09ee323f60ae8563', '1998-02-13 18:24:38');
INSERT INTO `users` (`id`, `nikname`, `avatar`, `phone`, `e_mail`, `about`, `birthday`, `gender`, `password_hash`, `created_at`) VALUES ('59', 'molestiae', 'http://lorempixel.com/640/480/', '516.461.731', 'nelda.morar@example.org', 'Itaque ab ut quaerat.', '1987-06-21', 'm', '23151ffa4573c38e080d97ff2a59d70401d75b11', '2015-03-11 15:51:37');
INSERT INTO `users` (`id`, `nikname`, `avatar`, `phone`, `e_mail`, `about`, `birthday`, `gender`, `password_hash`, `created_at`) VALUES ('60', 'dolores', 'http://lorempixel.com/640/480/', '(853)876-70', 'osinski.jadyn@example.com', 'Rem cupiditate adipisci occaecati maxime molestiae qui veniam vitae.', '2019-03-31', 'f', 'f697bb5acbaa9e2f7f3212197a8775ef9d7198dc', '1973-08-17 13:58:54');
INSERT INTO `users` (`id`, `nikname`, `avatar`, `phone`, `e_mail`, `about`, `birthday`, `gender`, `password_hash`, `created_at`) VALUES ('61', 'natus', 'http://lorempixel.com/640/480/', '700.048.100', 'cremin.lorenza@example.com', 'Fugiat tenetur aut aut.', '1983-01-09', 'm', 'a62e00ae8eb16e2a0a221e0e489141abbca00604', '1992-07-16 11:12:29');
INSERT INTO `users` (`id`, `nikname`, `avatar`, `phone`, `e_mail`, `about`, `birthday`, `gender`, `password_hash`, `created_at`) VALUES ('62', 'eaque', 'http://lorempixel.com/640/480/', '(700)710-33', 'theron.collier@example.com', 'Facere quos necessitatibus labore cumque qui autem.', '1999-09-17', 'f', 'cdbfe5455099b622b04e30193c0c794e590fa425', '2013-04-11 06:51:43');
INSERT INTO `users` (`id`, `nikname`, `avatar`, `phone`, `e_mail`, `about`, `birthday`, `gender`, `password_hash`, `created_at`) VALUES ('63', 'quae', 'http://lorempixel.com/640/480/', '(381)727-14', 'chloe64@example.com', 'Voluptates suscipit porro illo corporis id est provident.', '1975-06-04', 'm', 'cf965b1a3f81d196d82bbf837f1b3b5bccd91528', '2013-08-27 06:19:32');
INSERT INTO `users` (`id`, `nikname`, `avatar`, `phone`, `e_mail`, `about`, `birthday`, `gender`, `password_hash`, `created_at`) VALUES ('64', 'molestias', 'http://lorempixel.com/640/480/', '+65(9)02407', 'egreenholt@example.com', 'Et rerum alias voluptas molestiae in.', '1971-11-21', 'f', '78ac5925e705c24a6e8161526d2d5f7617d35562', '2010-10-12 04:47:54');
INSERT INTO `users` (`id`, `nikname`, `avatar`, `phone`, `e_mail`, `about`, `birthday`, `gender`, `password_hash`, `created_at`) VALUES ('65', 'hic', 'http://lorempixel.com/640/480/', '932.512.347', 'lheathcote@example.com', 'Et temporibus est quia facere autem.', '1994-12-24', 'f', '5f76e97f9908530c831d4112314577940b50b4d9', '1986-09-17 11:57:40');
INSERT INTO `users` (`id`, `nikname`, `avatar`, `phone`, `e_mail`, `about`, `birthday`, `gender`, `password_hash`, `created_at`) VALUES ('66', 'debitis', 'http://lorempixel.com/640/480/', '(272)367-12', 'mertz.adalberto@example.org', 'Ex occaecati ad enim eum exercitationem inventore.', '2005-08-18', 'm', '9c7ee8b9e68849c29e5b85e2f91659739526af62', '1987-11-24 13:05:49');
INSERT INTO `users` (`id`, `nikname`, `avatar`, `phone`, `e_mail`, `about`, `birthday`, `gender`, `password_hash`, `created_at`) VALUES ('67', 'soluta', 'http://lorempixel.com/640/480/', '799-747-500', 'yschinner@example.com', 'Dolores ea porro aperiam quibusdam occaecati quia.', '1997-02-27', 'f', '216157a0a1470021109ba4ab29b0445f0cde1d60', '1985-11-15 11:17:04');
INSERT INTO `users` (`id`, `nikname`, `avatar`, `phone`, `e_mail`, `about`, `birthday`, `gender`, `password_hash`, `created_at`) VALUES ('68', 'placeat', 'http://lorempixel.com/640/480/', '1-997-267-6', 'nrau@example.net', 'Tenetur rerum est ex illum harum aut alias.', '2003-02-16', 'f', 'ab2c3c6c133eed69d2a400aee074f7cac10305ee', '1999-08-09 22:43:30');
INSERT INTO `users` (`id`, `nikname`, `avatar`, `phone`, `e_mail`, `about`, `birthday`, `gender`, `password_hash`, `created_at`) VALUES ('69', 'libero', 'http://lorempixel.com/640/480/', '1-098-464-9', 'wyman.kyler@example.net', 'Corrupti provident eos totam eos possimus.', '1991-04-15', 'f', '4bfb3e193ee6186d07bf38c766953671083c5406', '2008-04-20 21:30:18');
INSERT INTO `users` (`id`, `nikname`, `avatar`, `phone`, `e_mail`, `about`, `birthday`, `gender`, `password_hash`, `created_at`) VALUES ('70', 'magnam', 'http://lorempixel.com/640/480/', '(663)075-36', 'mraz.micaela@example.net', 'Ut hic molestiae quia veritatis unde optio.', '1983-05-22', 'f', '6859b63ed7376619d7b43792b5b7e9fbad7df06d', '1998-08-14 19:47:26');
INSERT INTO `users` (`id`, `nikname`, `avatar`, `phone`, `e_mail`, `about`, `birthday`, `gender`, `password_hash`, `created_at`) VALUES ('71', 'consequatur', 'http://lorempixel.com/640/480/', '1-991-129-1', 'devon.dicki@example.com', 'Atque cum et doloremque laudantium enim voluptatum.', '1975-06-22', 'm', '01e5f0cc29c377be97e6056f434cb5f9ea2ceac6', '2015-11-21 03:07:48');
INSERT INTO `users` (`id`, `nikname`, `avatar`, `phone`, `e_mail`, `about`, `birthday`, `gender`, `password_hash`, `created_at`) VALUES ('72', 'architecto', 'http://lorempixel.com/640/480/', '1-119-580-0', 'funk.jose@example.com', 'Veritatis quo alias esse voluptates maiores impedit quisquam non.', '2016-08-16', 'm', 'b7956fed264c5b11c33e35cf9752692e02832a73', '2020-05-15 12:01:08');
INSERT INTO `users` (`id`, `nikname`, `avatar`, `phone`, `e_mail`, `about`, `birthday`, `gender`, `password_hash`, `created_at`) VALUES ('73', 'ab', 'http://lorempixel.com/640/480/', '398-417-618', 'oreinger@example.org', 'Sint autem impedit magni.', '1999-02-14', 'f', 'cea0e444f1f3cd47a646083149d3fe457cb212b8', '1975-03-18 11:02:24');
INSERT INTO `users` (`id`, `nikname`, `avatar`, `phone`, `e_mail`, `about`, `birthday`, `gender`, `password_hash`, `created_at`) VALUES ('74', 'sed', 'http://lorempixel.com/640/480/', '1-833-653-0', 'benedict31@example.org', 'Ut dolores magnam aperiam nobis qui odio earum.', '2002-08-22', 'm', 'b1ec5cf8ab2703074e89714836c7e2eff0d1c009', '1978-05-08 15:09:43');
INSERT INTO `users` (`id`, `nikname`, `avatar`, `phone`, `e_mail`, `about`, `birthday`, `gender`, `password_hash`, `created_at`) VALUES ('75', 'temporibus', 'http://lorempixel.com/640/480/', '310-950-256', 'weimann.felipe@example.org', 'Et sit et ut.', '1992-07-14', 'f', '9a14480eeb2c7cbc54ea9bbcd1dfca94f755a9f5', '2020-09-29 09:13:58');
INSERT INTO `users` (`id`, `nikname`, `avatar`, `phone`, `e_mail`, `about`, `birthday`, `gender`, `password_hash`, `created_at`) VALUES ('76', 'voluptates', 'http://lorempixel.com/640/480/', '048.329.505', 'eileen94@example.com', 'Ea in natus quisquam et consectetur quia dolor.', '2000-10-31', 'f', '5eb3550706f297b58f5b31a07647b61429fe3d6e', '1993-06-19 03:15:11');
INSERT INTO `users` (`id`, `nikname`, `avatar`, `phone`, `e_mail`, `about`, `birthday`, `gender`, `password_hash`, `created_at`) VALUES ('77', 'sit', 'http://lorempixel.com/640/480/', '1-374-869-0', 'koepp.allie@example.org', 'Et ab sint soluta deleniti ut nihil.', '1972-06-28', 'm', 'eb2a95b2073a58c724d665a34c6e66a9838cbeb9', '2019-02-07 00:48:41');
INSERT INTO `users` (`id`, `nikname`, `avatar`, `phone`, `e_mail`, `about`, `birthday`, `gender`, `password_hash`, `created_at`) VALUES ('78', 'est', 'http://lorempixel.com/640/480/', '(645)619-81', 'bwolf@example.com', 'Ullam consequatur accusantium eos nostrum nobis et in.', '1979-11-27', 'm', 'd534f3becf4586860cd172208b452d27c20b0ec4', '1990-01-29 00:30:41');
INSERT INTO `users` (`id`, `nikname`, `avatar`, `phone`, `e_mail`, `about`, `birthday`, `gender`, `password_hash`, `created_at`) VALUES ('79', 'voluptatibus', 'http://lorempixel.com/640/480/', '1-416-078-5', 'gkub@example.net', 'Nesciunt animi in quia voluptatibus.', '1985-05-24', 'f', '64875a4abb335033271523d4aaf036a1ed52e753', '1982-10-06 02:53:40');
INSERT INTO `users` (`id`, `nikname`, `avatar`, `phone`, `e_mail`, `about`, `birthday`, `gender`, `password_hash`, `created_at`) VALUES ('80', 'omnis', 'http://lorempixel.com/640/480/', '04074497150', 'schultz.paolo@example.net', 'Enim repellendus incidunt culpa ex optio fugit est accusantium.', '2011-03-17', 'f', 'd5cdef8aa63d9a87626fe8c59d4f3c222af9c8dd', '1984-11-27 23:23:47');
INSERT INTO `users` (`id`, `nikname`, `avatar`, `phone`, `e_mail`, `about`, `birthday`, `gender`, `password_hash`, `created_at`) VALUES ('81', 'magni', 'http://lorempixel.com/640/480/', '1-951-326-7', 'kellen08@example.net', 'Illo cum officiis optio quia est ipsam assumenda.', '2017-01-12', 'f', '7e8de1474b188633aa8b1fad4c1dabe74a81e62d', '1978-05-13 03:42:08');
INSERT INTO `users` (`id`, `nikname`, `avatar`, `phone`, `e_mail`, `about`, `birthday`, `gender`, `password_hash`, `created_at`) VALUES ('82', 'quo', 'http://lorempixel.com/640/480/', '(218)312-36', 'murazik.bette@example.net', 'Adipisci pariatur aperiam eos modi quisquam qui.', '2009-09-22', 'm', '5b8f54980154f419ac2524c117708826c7fe5eb4', '1977-09-28 07:39:43');
INSERT INTO `users` (`id`, `nikname`, `avatar`, `phone`, `e_mail`, `about`, `birthday`, `gender`, `password_hash`, `created_at`) VALUES ('83', 'itaque', 'http://lorempixel.com/640/480/', '+51(7)50041', 'haag.glen@example.com', 'Ut adipisci asperiores laboriosam natus autem dolorem.', '2016-12-25', 'm', '5753569e78732bcb875839b5d190f32735de324e', '2017-04-25 06:11:47');
INSERT INTO `users` (`id`, `nikname`, `avatar`, `phone`, `e_mail`, `about`, `birthday`, `gender`, `password_hash`, `created_at`) VALUES ('84', 'ipsam', 'http://lorempixel.com/640/480/', '924.897.172', 'gianni14@example.net', 'Ab tenetur eveniet dolores iure architecto unde non tempore.', '1995-03-13', 'm', 'bfbb49292b1b4d9c892c0d64a4637672ae367c02', '1977-04-12 02:01:28');
INSERT INTO `users` (`id`, `nikname`, `avatar`, `phone`, `e_mail`, `about`, `birthday`, `gender`, `password_hash`, `created_at`) VALUES ('85', 'recusandae', 'http://lorempixel.com/640/480/', '+90(7)11037', 'boyer.valerie@example.com', 'Dolor qui sit commodi aut.', '1983-01-10', 'm', '402bbfaa2dee6c4305d5cd637c6aed5d09b07670', '1998-03-05 04:17:46');
INSERT INTO `users` (`id`, `nikname`, `avatar`, `phone`, `e_mail`, `about`, `birthday`, `gender`, `password_hash`, `created_at`) VALUES ('86', 'explicabo', 'http://lorempixel.com/640/480/', '672.663.778', 'beer.eloy@example.com', 'Illum illo error eveniet aut dolores debitis.', '2019-02-18', 'f', 'd48808ba6fa24a32bb57efe05cc9046ecfafc3ad', '2019-10-16 15:27:04');
INSERT INTO `users` (`id`, `nikname`, `avatar`, `phone`, `e_mail`, `about`, `birthday`, `gender`, `password_hash`, `created_at`) VALUES ('87', 'tempora', 'http://lorempixel.com/640/480/', '(424)723-96', 'aron.gusikowski@example.net', 'Modi reiciendis ea non ipsam.', '1975-03-21', 'f', 'f6cda7f446e3edbf3cf6130e75af0f056876c6b2', '1991-04-15 00:57:58');

INSERT INTO `product` VALUES (2,2,'debitis',2),(3,3,'reiciendis',3),(4,4,'quo',4),(5,5,'quos',5),(6,6,'explicabo',6),(7,7,'occaecati',7),(8,8,'non',8),(9,9,'iure',9),(10,10,'totam',10),(11,11,'quas',11),(12,12,'ut',12),(13,13,'in',13),(14,14,'fuga',14),(15,15,'tenetur',15),(16,16,'laboriosam',16),(17,17,'quibusdam',17),(18,18,'vero',18),(19,19,'assumenda',19),(20,20,'aut',20),(21,21,'quisquam',21),(22,22,'deserunt',22),(23,23,'labore',23),(24,24,'et',24),(25,25,'doloribus',25),(26,26,'quia',26),(27,27,'quod',27),(28,28,'fugit',28),(29,29,'atque',29),(30,30,'veniam',30),(31,31,'qui',31),(32,32,'rem',32),(33,33,'dolor',33),(34,34,'consequatur',34),(35,35,'quae',35),(36,36,'nostrum',36),(37,37,'exercitationem',37),(38,38,'commodi',38),(39,39,'consequuntur',39),(40,40,'necessitatibus',40),(41,41,'alias',41),(42,42,'dolorem',42),(43,43,'voluptatibus',43),(44,44,'sint',44),(45,45,'voluptates',45),(46,46,'molestiae',46),(47,47,'officia',47),(48,48,'placeat',48),(49,49,'omnis',49),(50,50,'natus',50),(51,51,'blanditiis',51),(52,52,'error',52),(53,53,'minima',53),(54,54,'eos',54),(55,55,'neque',55),(56,56,'eius',56),(57,57,'enim',57),(58,58,'vitae',58),(59,59,'sit',59),(60,60,'consectetur',60),(61,1,'ea',61),(62,2,'iste',62),(63,3,'nisi',63),(64,4,'reprehenderit',64),(65,5,'ipsum',65),(66,6,'fugiat',66),(67,7,'voluptatem',67),(68,8,'corporis',68),(69,9,'porro',69),(70,10,'harum',70),(71,11,'velit',71),(72,12,'esse',72),(73,13,'nam',73),(74,14,'cumque',74),(75,15,'quis',75),(76,16,'autem',76),(77,17,'nulla',77),(78,18,'corrupti',78),(79,19,'minus',79),(80,20,'ratione',80),(81,21,'recusandae',81),(82,22,'aspernatur',82),(83,23,'laborum',83),(84,24,'dolores',84),(85,25,'vel',85),(86,26,'delectus',86),(87,27,'provident',87),(88,28,'nemo',88),(89,29,'hic',89),(90,30,'possimus',90),(91,31,'impedit',91),(92,32,'nesciunt',92),(93,33,'temporibus',93),(94,34,'magnam',94),(95,35,'eligendi',95),(96,36,'unde',96),(97,37,'eaque',97),(98,38,'accusantium',98),(99,39,'id',99),(100,40,'asperiores',100);


INSERT INTO `photos_product` (`id`, `url_photos`, `product_id`) VALUES ('2', 'http://lorempixel.com/640/480/', '2');
INSERT INTO `photos_product` (`id`, `url_photos`, `product_id`) VALUES ('3', 'http://lorempixel.com/640/480/', '3');
INSERT INTO `photos_product` (`id`, `url_photos`, `product_id`) VALUES ('4', 'http://lorempixel.com/640/480/', '4');
INSERT INTO `photos_product` (`id`, `url_photos`, `product_id`) VALUES ('5', 'http://lorempixel.com/640/480/', '5');
INSERT INTO `photos_product` (`id`, `url_photos`, `product_id`) VALUES ('6', 'http://lorempixel.com/640/480/', '6');
INSERT INTO `photos_product` (`id`, `url_photos`, `product_id`) VALUES ('7', 'http://lorempixel.com/640/480/', '7');
INSERT INTO `photos_product` (`id`, `url_photos`, `product_id`) VALUES ('8', 'http://lorempixel.com/640/480/', '8');
INSERT INTO `photos_product` (`id`, `url_photos`, `product_id`) VALUES ('9', 'http://lorempixel.com/640/480/', '9');
INSERT INTO `photos_product` (`id`, `url_photos`, `product_id`) VALUES ('10', 'http://lorempixel.com/640/480/', '10');
INSERT INTO `photos_product` (`id`, `url_photos`, `product_id`) VALUES ('11', 'http://lorempixel.com/640/480/', '11');
INSERT INTO `photos_product` (`id`, `url_photos`, `product_id`) VALUES ('12', 'http://lorempixel.com/640/480/', '12');
INSERT INTO `photos_product` (`id`, `url_photos`, `product_id`) VALUES ('13', 'http://lorempixel.com/640/480/', '13');
INSERT INTO `photos_product` (`id`, `url_photos`, `product_id`) VALUES ('14', 'http://lorempixel.com/640/480/', '14');
INSERT INTO `photos_product` (`id`, `url_photos`, `product_id`) VALUES ('15', 'http://lorempixel.com/640/480/', '15');
INSERT INTO `photos_product` (`id`, `url_photos`, `product_id`) VALUES ('16', 'http://lorempixel.com/640/480/', '16');
INSERT INTO `photos_product` (`id`, `url_photos`, `product_id`) VALUES ('17', 'http://lorempixel.com/640/480/', '17');
INSERT INTO `photos_product` (`id`, `url_photos`, `product_id`) VALUES ('18', 'http://lorempixel.com/640/480/', '18');
INSERT INTO `photos_product` (`id`, `url_photos`, `product_id`) VALUES ('19', 'http://lorempixel.com/640/480/', '19');
INSERT INTO `photos_product` (`id`, `url_photos`, `product_id`) VALUES ('20', 'http://lorempixel.com/640/480/', '20');
INSERT INTO `photos_product` (`id`, `url_photos`, `product_id`) VALUES ('21', 'http://lorempixel.com/640/480/', '21');
INSERT INTO `photos_product` (`id`, `url_photos`, `product_id`) VALUES ('22', 'http://lorempixel.com/640/480/', '22');
INSERT INTO `photos_product` (`id`, `url_photos`, `product_id`) VALUES ('23', 'http://lorempixel.com/640/480/', '23');
INSERT INTO `photos_product` (`id`, `url_photos`, `product_id`) VALUES ('24', 'http://lorempixel.com/640/480/', '24');
INSERT INTO `photos_product` (`id`, `url_photos`, `product_id`) VALUES ('25', 'http://lorempixel.com/640/480/', '25');
INSERT INTO `photos_product` (`id`, `url_photos`, `product_id`) VALUES ('26', 'http://lorempixel.com/640/480/', '26');
INSERT INTO `photos_product` (`id`, `url_photos`, `product_id`) VALUES ('27', 'http://lorempixel.com/640/480/', '27');
INSERT INTO `photos_product` (`id`, `url_photos`, `product_id`) VALUES ('28', 'http://lorempixel.com/640/480/', '28');
INSERT INTO `photos_product` (`id`, `url_photos`, `product_id`) VALUES ('29', 'http://lorempixel.com/640/480/', '29');
INSERT INTO `photos_product` (`id`, `url_photos`, `product_id`) VALUES ('30', 'http://lorempixel.com/640/480/', '30');


INSERT INTO `videos_product` VALUES (3,'http://lorempixel.com/640/480/',3),(4,'http://lorempixel.com/640/480/',4),(5,'http://lorempixel.com/640/480/',5),(6,'http://lorempixel.com/640/480/',6),(7,'http://lorempixel.com/640/480/',7),(8,'http://lorempixel.com/640/480/',8),(9,'http://lorempixel.com/640/480/',9),(10,'http://lorempixel.com/640/480/',10),(11,'http://lorempixel.com/640/480/',11),(12,'http://lorempixel.com/640/480/',12),(13,'http://lorempixel.com/640/480/',13),(14,'http://lorempixel.com/640/480/',14),(15,'http://lorempixel.com/640/480/',15),(16,'http://lorempixel.com/640/480/',16),(17,'http://lorempixel.com/640/480/',17),(18,'http://lorempixel.com/640/480/',18),(19,'http://lorempixel.com/640/480/',19),(20,'http://lorempixel.com/640/480/',20),(21,'http://lorempixel.com/640/480/',21),(22,'http://lorempixel.com/640/480/',22),(23,'http://lorempixel.com/640/480/',23),(24,'http://lorempixel.com/640/480/',24),(25,'http://lorempixel.com/640/480/',25),(26,'http://lorempixel.com/640/480/',26),(27,'http://lorempixel.com/640/480/',27),(28,'http://lorempixel.com/640/480/',28),(29,'http://lorempixel.com/640/480/',29),(30,'http://lorempixel.com/640/480/',30),(31,'http://lorempixel.com/640/480/',31),(32,'http://lorempixel.com/640/480/',32),(33,'http://lorempixel.com/640/480/',33),(34,'http://lorempixel.com/640/480/',34),(35,'http://lorempixel.com/640/480/',35),(36,'http://lorempixel.com/640/480/',36),(37,'http://lorempixel.com/640/480/',37),(38,'http://lorempixel.com/640/480/',38),(39,'http://lorempixel.com/640/480/',39),(40,'http://lorempixel.com/640/480/',40),(41,'http://lorempixel.com/640/480/',41),(42,'http://lorempixel.com/640/480/',42),(43,'http://lorempixel.com/640/480/',43),(44,'http://lorempixel.com/640/480/',44),(45,'http://lorempixel.com/640/480/',45),(46,'http://lorempixel.com/640/480/',46),(47,'http://lorempixel.com/640/480/',47),(48,'http://lorempixel.com/640/480/',48),(49,'http://lorempixel.com/640/480/',49),(50,'http://lorempixel.com/640/480/',50),(51,'http://lorempixel.com/640/480/',51),(52,'http://lorempixel.com/640/480/',52),(53,'http://lorempixel.com/640/480/',53),(54,'http://lorempixel.com/640/480/',54),(55,'http://lorempixel.com/640/480/',55),(56,'http://lorempixel.com/640/480/',56),(57,'http://lorempixel.com/640/480/',57),(58,'http://lorempixel.com/640/480/',58),(59,'http://lorempixel.com/640/480/',59),(60,'http://lorempixel.com/640/480/',60),(61,'http://lorempixel.com/640/480/',61),(62,'http://lorempixel.com/640/480/',62),(63,'http://lorempixel.com/640/480/',63),(64,'http://lorempixel.com/640/480/',64),(65,'http://lorempixel.com/640/480/',65),(66,'http://lorempixel.com/640/480/',66),(67,'http://lorempixel.com/640/480/',67),(68,'http://lorempixel.com/640/480/',68),(69,'http://lorempixel.com/640/480/',69),(70,'http://lorempixel.com/640/480/',70),(71,'http://lorempixel.com/640/480/',71),(72,'http://lorempixel.com/640/480/',72),(73,'http://lorempixel.com/640/480/',73),(74,'http://lorempixel.com/640/480/',74),(75,'http://lorempixel.com/640/480/',75),(76,'http://lorempixel.com/640/480/',76),(77,'http://lorempixel.com/640/480/',77),(78,'http://lorempixel.com/640/480/',78),(79,'http://lorempixel.com/640/480/',79),(80,'http://lorempixel.com/640/480/',80),(81,'http://lorempixel.com/640/480/',81),(82,'http://lorempixel.com/640/480/',82),(83,'http://lorempixel.com/640/480/',83),(84,'http://lorempixel.com/640/480/',84),(85,'http://lorempixel.com/640/480/',85),(86,'http://lorempixel.com/640/480/',86),(87,'http://lorempixel.com/640/480/',87),(88,'http://lorempixel.com/640/480/',88),(89,'http://lorempixel.com/640/480/',89),(90,'http://lorempixel.com/640/480/',90),(91,'http://lorempixel.com/640/480/',91),(92,'http://lorempixel.com/640/480/',92),(93,'http://lorempixel.com/640/480/',93),(94,'http://lorempixel.com/640/480/',94),(95,'http://lorempixel.com/640/480/',95),(96,'http://lorempixel.com/640/480/',96),(97,'http://lorempixel.com/640/480/',97),(98,'http://lorempixel.com/640/480/',98),(99,'http://lorempixel.com/640/480/',99),(100,'http://lorempixel.com/640/480/',100);

INSERT INTO `reviews` (`id`, `review_text`, `url_photos_review`, `product_id`, `user_id`) VALUES ('2', 'Debitis odio ut et molestiae voluptatem.', 'http://lorempixel.com/640/480/', '2', '2');
INSERT INTO `reviews` (`id`, `review_text`, `url_photos_review`, `product_id`, `user_id`) VALUES ('3', 'Impedit labore quisquam perspiciatis atque odio totam.', 'http://lorempixel.com/640/480/', '3', '3');
INSERT INTO `reviews` (`id`, `review_text`, `url_photos_review`, `product_id`, `user_id`) VALUES ('4', 'Numquam iste aliquam sapiente culpa nemo commodi maiores iure.', 'http://lorempixel.com/640/480/', '4', '4');
INSERT INTO `reviews` (`id`, `review_text`, `url_photos_review`, `product_id`, `user_id`) VALUES ('5', 'Sunt et et ut ducimus nihil sed eos.', 'http://lorempixel.com/640/480/', '5', '5');
INSERT INTO `reviews` (`id`, `review_text`, `url_photos_review`, `product_id`, `user_id`) VALUES ('6', 'Porro harum voluptatem illo deleniti modi eius et consequatur.', 'http://lorempixel.com/640/480/', '6', '6');
INSERT INTO `reviews` (`id`, `review_text`, `url_photos_review`, `product_id`, `user_id`) VALUES ('7', 'Aut dignissimos qui facilis est.', 'http://lorempixel.com/640/480/', '7', '7');
INSERT INTO `reviews` (`id`, `review_text`, `url_photos_review`, `product_id`, `user_id`) VALUES ('8', 'Maiores voluptatum sapiente consequatur rerum et.', 'http://lorempixel.com/640/480/', '8', '8');
INSERT INTO `reviews` (`id`, `review_text`, `url_photos_review`, `product_id`, `user_id`) VALUES ('9', 'Cum voluptatum quas est in.', 'http://lorempixel.com/640/480/', '9', '9');
INSERT INTO `reviews` (`id`, `review_text`, `url_photos_review`, `product_id`, `user_id`) VALUES ('10', 'Recusandae incidunt a praesentium veritatis minima pariatur excepturi.', 'http://lorempixel.com/640/480/', '10', '10');
INSERT INTO `reviews` (`id`, `review_text`, `url_photos_review`, `product_id`, `user_id`) VALUES ('11', 'Non ut dolorum enim et.', 'http://lorempixel.com/640/480/', '11', '11');
INSERT INTO `reviews` (`id`, `review_text`, `url_photos_review`, `product_id`, `user_id`) VALUES ('12', 'Corporis magnam vel quo sunt est occaecati rerum non.', 'http://lorempixel.com/640/480/', '12', '12');
INSERT INTO `reviews` (`id`, `review_text`, `url_photos_review`, `product_id`, `user_id`) VALUES ('13', 'Autem qui id quo quas labore.', 'http://lorempixel.com/640/480/', '13', '13');
INSERT INTO `reviews` (`id`, `review_text`, `url_photos_review`, `product_id`, `user_id`) VALUES ('14', 'Nostrum et incidunt quia sed velit vero delectus enim.', 'http://lorempixel.com/640/480/', '14', '14');
INSERT INTO `reviews` (`id`, `review_text`, `url_photos_review`, `product_id`, `user_id`) VALUES ('15', 'Atque ea labore sint nisi explicabo.', 'http://lorempixel.com/640/480/', '15', '15');
INSERT INTO `reviews` (`id`, `review_text`, `url_photos_review`, `product_id`, `user_id`) VALUES ('16', 'Suscipit velit fuga qui accusamus ea omnis.', 'http://lorempixel.com/640/480/', '16', '16');
INSERT INTO `reviews` (`id`, `review_text`, `url_photos_review`, `product_id`, `user_id`) VALUES ('17', 'Eveniet et commodi tempore explicabo harum eos accusantium.', 'http://lorempixel.com/640/480/', '17', '17');
INSERT INTO `reviews` (`id`, `review_text`, `url_photos_review`, `product_id`, `user_id`) VALUES ('18', 'Cupiditate adipisci architecto molestias quasi quisquam et tempore dolorum.', 'http://lorempixel.com/640/480/', '18', '18');
INSERT INTO `reviews` (`id`, `review_text`, `url_photos_review`, `product_id`, `user_id`) VALUES ('19', 'Temporibus eveniet rem hic vero sapiente placeat ullam est.', 'http://lorempixel.com/640/480/', '19', '19');
INSERT INTO `reviews` (`id`, `review_text`, `url_photos_review`, `product_id`, `user_id`) VALUES ('20', 'Blanditiis ipsam qui vero est quia odio vero.', 'http://lorempixel.com/640/480/', '20', '20');
INSERT INTO `reviews` (`id`, `review_text`, `url_photos_review`, `product_id`, `user_id`) VALUES ('21', 'Quasi perferendis quia nisi suscipit in hic.', 'http://lorempixel.com/640/480/', '21', '21');
INSERT INTO `reviews` (`id`, `review_text`, `url_photos_review`, `product_id`, `user_id`) VALUES ('22', 'Minima rerum in omnis atque harum doloribus.', 'http://lorempixel.com/640/480/', '22', '22');
INSERT INTO `reviews` (`id`, `review_text`, `url_photos_review`, `product_id`, `user_id`) VALUES ('23', 'Aperiam sequi enim autem nihil repellat sit.', 'http://lorempixel.com/640/480/', '23', '23');
INSERT INTO `reviews` (`id`, `review_text`, `url_photos_review`, `product_id`, `user_id`) VALUES ('24', 'Labore consectetur nemo aut eligendi esse.', 'http://lorempixel.com/640/480/', '24', '24');
INSERT INTO `reviews` (`id`, `review_text`, `url_photos_review`, `product_id`, `user_id`) VALUES ('25', 'Architecto nulla corrupti quaerat dolor et.', 'http://lorempixel.com/640/480/', '25', '25');
INSERT INTO `reviews` (`id`, `review_text`, `url_photos_review`, `product_id`, `user_id`) VALUES ('26', 'Placeat tempore velit iste non.', 'http://lorempixel.com/640/480/', '26', '26');
INSERT INTO `reviews` (`id`, `review_text`, `url_photos_review`, `product_id`, `user_id`) VALUES ('27', 'Distinctio amet amet qui facere nam.', 'http://lorempixel.com/640/480/', '27', '27');
INSERT INTO `reviews` (`id`, `review_text`, `url_photos_review`, `product_id`, `user_id`) VALUES ('28', 'Dolor qui et amet voluptas hic.', 'http://lorempixel.com/640/480/', '28', '28');
INSERT INTO `reviews` (`id`, `review_text`, `url_photos_review`, `product_id`, `user_id`) VALUES ('29', 'Quo et fugit aperiam at ea sit.', 'http://lorempixel.com/640/480/', '29', '29');
INSERT INTO `reviews` (`id`, `review_text`, `url_photos_review`, `product_id`, `user_id`) VALUES ('30', 'Beatae repellat quod et vitae maiores et beatae corrupti.', 'http://lorempixel.com/640/480/', '30', '30');
INSERT INTO `reviews` (`id`, `review_text`, `url_photos_review`, `product_id`, `user_id`) VALUES ('31', 'Quia nihil doloremque est.', 'http://lorempixel.com/640/480/', '31', '31');
INSERT INTO `reviews` (`id`, `review_text`, `url_photos_review`, `product_id`, `user_id`) VALUES ('32', 'Enim consequatur dolores rerum quo rerum ipsa.', 'http://lorempixel.com/640/480/', '32', '32');
INSERT INTO `reviews` (`id`, `review_text`, `url_photos_review`, `product_id`, `user_id`) VALUES ('33', 'Ipsam corporis id nisi ea eum.', 'http://lorempixel.com/640/480/', '33', '33');
INSERT INTO `reviews` (`id`, `review_text`, `url_photos_review`, `product_id`, `user_id`) VALUES ('34', 'Ratione et autem quod ut minus iusto.', 'http://lorempixel.com/640/480/', '34', '34');
INSERT INTO `reviews` (`id`, `review_text`, `url_photos_review`, `product_id`, `user_id`) VALUES ('35', 'Sunt doloremque velit cum.', 'http://lorempixel.com/640/480/', '35', '35');
INSERT INTO `reviews` (`id`, `review_text`, `url_photos_review`, `product_id`, `user_id`) VALUES ('36', 'Eum deleniti est voluptate voluptates dolor nemo tenetur.', 'http://lorempixel.com/640/480/', '36', '36');
INSERT INTO `reviews` (`id`, `review_text`, `url_photos_review`, `product_id`, `user_id`) VALUES ('37', 'Ut aut sint ipsa repudiandae.', 'http://lorempixel.com/640/480/', '37', '37');
INSERT INTO `reviews` (`id`, `review_text`, `url_photos_review`, `product_id`, `user_id`) VALUES ('38', 'Nihil beatae est hic.', 'http://lorempixel.com/640/480/', '38', '38');
INSERT INTO `reviews` (`id`, `review_text`, `url_photos_review`, `product_id`, `user_id`) VALUES ('39', 'Et fugit corporis omnis sit eum.', 'http://lorempixel.com/640/480/', '39', '39');
INSERT INTO `reviews` (`id`, `review_text`, `url_photos_review`, `product_id`, `user_id`) VALUES ('40', 'Rerum sed ratione eaque laboriosam et eum.', 'http://lorempixel.com/640/480/', '40', '40');
INSERT INTO `reviews` (`id`, `review_text`, `url_photos_review`, `product_id`, `user_id`) VALUES ('41', 'Qui officia magnam minima aut officiis sint ducimus est.', 'http://lorempixel.com/640/480/', '41', '41');
INSERT INTO `reviews` (`id`, `review_text`, `url_photos_review`, `product_id`, `user_id`) VALUES ('42', 'Aspernatur recusandae asperiores quia officia odit quis totam iure.', 'http://lorempixel.com/640/480/', '42', '42');
INSERT INTO `reviews` (`id`, `review_text`, `url_photos_review`, `product_id`, `user_id`) VALUES ('43', 'Vel dolorem dolorem et ut qui sunt.', 'http://lorempixel.com/640/480/', '43', '43');
INSERT INTO `reviews` (`id`, `review_text`, `url_photos_review`, `product_id`, `user_id`) VALUES ('44', 'Corporis harum dolorum velit est.', 'http://lorempixel.com/640/480/', '44', '44');
INSERT INTO `reviews` (`id`, `review_text`, `url_photos_review`, `product_id`, `user_id`) VALUES ('45', 'Earum quis molestiae inventore fuga maiores.', 'http://lorempixel.com/640/480/', '45', '45');
INSERT INTO `reviews` (`id`, `review_text`, `url_photos_review`, `product_id`, `user_id`) VALUES ('46', 'Dolor atque laudantium id nobis.', 'http://lorempixel.com/640/480/', '46', '46');
INSERT INTO `reviews` (`id`, `review_text`, `url_photos_review`, `product_id`, `user_id`) VALUES ('47', 'Atque dignissimos et id corporis distinctio nulla.', 'http://lorempixel.com/640/480/', '47', '47');
INSERT INTO `reviews` (`id`, `review_text`, `url_photos_review`, `product_id`, `user_id`) VALUES ('48', 'Voluptas quia aliquid molestias quam molestias omnis.', 'http://lorempixel.com/640/480/', '48', '48');
INSERT INTO `reviews` (`id`, `review_text`, `url_photos_review`, `product_id`, `user_id`) VALUES ('49', 'Eum a iure incidunt.', 'http://lorempixel.com/640/480/', '49', '49');
INSERT INTO `reviews` (`id`, `review_text`, `url_photos_review`, `product_id`, `user_id`) VALUES ('50', 'Sit maiores optio sapiente excepturi.', 'http://lorempixel.com/640/480/', '50', '50');
INSERT INTO `reviews` (`id`, `review_text`, `url_photos_review`, `product_id`, `user_id`) VALUES ('51', 'Qui molestias aliquam possimus reiciendis tempore enim velit culpa.', 'http://lorempixel.com/640/480/', '51', '51');
INSERT INTO `reviews` (`id`, `review_text`, `url_photos_review`, `product_id`, `user_id`) VALUES ('52', 'Voluptatem mollitia nemo aut facilis exercitationem.', 'http://lorempixel.com/640/480/', '52', '52');
INSERT INTO `reviews` (`id`, `review_text`, `url_photos_review`, `product_id`, `user_id`) VALUES ('53', 'Vel dolorum provident magni officia voluptas.', 'http://lorempixel.com/640/480/', '53', '53');
INSERT INTO `reviews` (`id`, `review_text`, `url_photos_review`, `product_id`, `user_id`) VALUES ('54', 'Corporis illo unde nesciunt possimus temporibus.', 'http://lorempixel.com/640/480/', '54', '54');
INSERT INTO `reviews` (`id`, `review_text`, `url_photos_review`, `product_id`, `user_id`) VALUES ('55', 'Aliquam quasi distinctio aut.', 'http://lorempixel.com/640/480/', '55', '55');
INSERT INTO `reviews` (`id`, `review_text`, `url_photos_review`, `product_id`, `user_id`) VALUES ('56', 'Autem optio et soluta quaerat optio temporibus.', 'http://lorempixel.com/640/480/', '56', '56');
INSERT INTO `reviews` (`id`, `review_text`, `url_photos_review`, `product_id`, `user_id`) VALUES ('57', 'Impedit officiis eos id distinctio sint aut.', 'http://lorempixel.com/640/480/', '57', '57');
INSERT INTO `reviews` (`id`, `review_text`, `url_photos_review`, `product_id`, `user_id`) VALUES ('58', 'Tempore aut dolor sit accusantium provident.', 'http://lorempixel.com/640/480/', '58', '58');
INSERT INTO `reviews` (`id`, `review_text`, `url_photos_review`, `product_id`, `user_id`) VALUES ('59', 'Quo consequatur ratione saepe.', 'http://lorempixel.com/640/480/', '59', '59');
INSERT INTO `reviews` (`id`, `review_text`, `url_photos_review`, `product_id`, `user_id`) VALUES ('60', 'Ducimus tempora nam aut.', 'http://lorempixel.com/640/480/', '60', '60');
INSERT INTO `reviews` (`id`, `review_text`, `url_photos_review`, `product_id`, `user_id`) VALUES ('61', 'Ea porro amet quas eligendi.', 'http://lorempixel.com/640/480/', '61', '61');
INSERT INTO `reviews` (`id`, `review_text`, `url_photos_review`, `product_id`, `user_id`) VALUES ('62', 'Tempora labore aut aut eum est veritatis.', 'http://lorempixel.com/640/480/', '62', '62');
INSERT INTO `reviews` (`id`, `review_text`, `url_photos_review`, `product_id`, `user_id`) VALUES ('63', 'Ipsum tempora maxime et est et at id.', 'http://lorempixel.com/640/480/', '63', '63');
INSERT INTO `reviews` (`id`, `review_text`, `url_photos_review`, `product_id`, `user_id`) VALUES ('64', 'Soluta enim autem tempora sapiente quis ad nesciunt ut.', 'http://lorempixel.com/640/480/', '64', '64');
INSERT INTO `reviews` (`id`, `review_text`, `url_photos_review`, `product_id`, `user_id`) VALUES ('65', 'Iste dicta aut similique aut.', 'http://lorempixel.com/640/480/', '65', '65');
INSERT INTO `reviews` (`id`, `review_text`, `url_photos_review`, `product_id`, `user_id`) VALUES ('66', 'Quam pariatur fuga sequi quos et.', 'http://lorempixel.com/640/480/', '66', '66');
INSERT INTO `reviews` (`id`, `review_text`, `url_photos_review`, `product_id`, `user_id`) VALUES ('67', 'Consequatur minima voluptates tenetur officiis totam soluta blanditiis.', 'http://lorempixel.com/640/480/', '67', '67');
INSERT INTO `reviews` (`id`, `review_text`, `url_photos_review`, `product_id`, `user_id`) VALUES ('68', 'Et sit sit omnis voluptatem et distinctio ut laboriosam.', 'http://lorempixel.com/640/480/', '68', '68');
INSERT INTO `reviews` (`id`, `review_text`, `url_photos_review`, `product_id`, `user_id`) VALUES ('69', 'Assumenda sunt et possimus est sunt laborum magnam.', 'http://lorempixel.com/640/480/', '69', '69');
INSERT INTO `reviews` (`id`, `review_text`, `url_photos_review`, `product_id`, `user_id`) VALUES ('70', 'Eos culpa fugit consequatur minima.', 'http://lorempixel.com/640/480/', '70', '70');
INSERT INTO `reviews` (`id`, `review_text`, `url_photos_review`, `product_id`, `user_id`) VALUES ('71', 'Sint quibusdam et voluptatem expedita nam.', 'http://lorempixel.com/640/480/', '71', '71');
INSERT INTO `reviews` (`id`, `review_text`, `url_photos_review`, `product_id`, `user_id`) VALUES ('72', 'Id ut officiis quia qui nihil.', 'http://lorempixel.com/640/480/', '72', '72');
INSERT INTO `reviews` (`id`, `review_text`, `url_photos_review`, `product_id`, `user_id`) VALUES ('73', 'Quam libero officia nesciunt et neque pariatur ipsam.', 'http://lorempixel.com/640/480/', '73', '73');
INSERT INTO `reviews` (`id`, `review_text`, `url_photos_review`, `product_id`, `user_id`) VALUES ('74', 'Laborum libero ut commodi eaque necessitatibus voluptas dolores.', 'http://lorempixel.com/640/480/', '74', '74');
INSERT INTO `reviews` (`id`, `review_text`, `url_photos_review`, `product_id`, `user_id`) VALUES ('75', 'Ut quia exercitationem rerum aliquam minima saepe recusandae vero.', 'http://lorempixel.com/640/480/', '75', '75');
INSERT INTO `reviews` (`id`, `review_text`, `url_photos_review`, `product_id`, `user_id`) VALUES ('76', 'Consequatur ut quisquam fugiat aut possimus alias adipisci ea.', 'http://lorempixel.com/640/480/', '76', '76');
INSERT INTO `reviews` (`id`, `review_text`, `url_photos_review`, `product_id`, `user_id`) VALUES ('77', 'Doloremque praesentium est rerum quo qui qui.', 'http://lorempixel.com/640/480/', '77', '77');
INSERT INTO `reviews` (`id`, `review_text`, `url_photos_review`, `product_id`, `user_id`) VALUES ('78', 'Doloremque qui ut et mollitia amet est consequatur aliquid.', 'http://lorempixel.com/640/480/', '78', '78');
INSERT INTO `reviews` (`id`, `review_text`, `url_photos_review`, `product_id`, `user_id`) VALUES ('79', 'Quisquam voluptas sit molestias similique beatae dolorem.', 'http://lorempixel.com/640/480/', '79', '79');
INSERT INTO `reviews` (`id`, `review_text`, `url_photos_review`, `product_id`, `user_id`) VALUES ('80', 'Sed omnis ut distinctio numquam doloremque.', 'http://lorempixel.com/640/480/', '80', '80');
INSERT INTO `reviews` (`id`, `review_text`, `url_photos_review`, `product_id`, `user_id`) VALUES ('81', 'Et ut ab accusantium ea sequi velit nesciunt.', 'http://lorempixel.com/640/480/', '81', '81');
INSERT INTO `reviews` (`id`, `review_text`, `url_photos_review`, `product_id`, `user_id`) VALUES ('82', 'Rerum officia distinctio iure est vel dolore non laboriosam.', 'http://lorempixel.com/640/480/', '82', '82');
INSERT INTO `reviews` (`id`, `review_text`, `url_photos_review`, `product_id`, `user_id`) VALUES ('83', 'Fuga neque quo sed magni ut vero natus.', 'http://lorempixel.com/640/480/', '83', '83');
INSERT INTO `reviews` (`id`, `review_text`, `url_photos_review`, `product_id`, `user_id`) VALUES ('84', 'Ipsam aliquam rerum necessitatibus est.', 'http://lorempixel.com/640/480/', '84', '84');
INSERT INTO `reviews` (`id`, `review_text`, `url_photos_review`, `product_id`, `user_id`) VALUES ('85', 'Enim explicabo doloribus maiores sapiente.', 'http://lorempixel.com/640/480/', '85', '85');
INSERT INTO `reviews` (`id`, `review_text`, `url_photos_review`, `product_id`, `user_id`) VALUES ('86', 'Excepturi et beatae possimus repudiandae delectus dignissimos.', 'http://lorempixel.com/640/480/', '86', '86');
INSERT INTO `reviews` (`id`, `review_text`, `url_photos_review`, `product_id`, `user_id`) VALUES ('87', 'Fugit placeat unde tempore quas.', 'http://lorempixel.com/640/480/', '87', '87');
INSERT INTO `reviews` (`id`, `review_text`, `url_photos_review`, `product_id`, `user_id`) VALUES ('88', 'Ut aut et optio aut nisi aut.', 'http://lorempixel.com/640/480/', '88', '88');
INSERT INTO `reviews` (`id`, `review_text`, `url_photos_review`, `product_id`, `user_id`) VALUES ('89', 'Saepe blanditiis unde inventore repellendus ut.', 'http://lorempixel.com/640/480/', '89', '89');
INSERT INTO `reviews` (`id`, `review_text`, `url_photos_review`, `product_id`, `user_id`) VALUES ('90', 'Libero architecto earum exercitationem ut est.', 'http://lorempixel.com/640/480/', '90', '90');
INSERT INTO `reviews` (`id`, `review_text`, `url_photos_review`, `product_id`, `user_id`) VALUES ('91', 'Ratione dignissimos distinctio amet qui cum.', 'http://lorempixel.com/640/480/', '91', '91');
INSERT INTO `reviews` (`id`, `review_text`, `url_photos_review`, `product_id`, `user_id`) VALUES ('92', 'Nisi nemo doloremque eum excepturi nulla eum est sapiente.', 'http://lorempixel.com/640/480/', '92', '92');
INSERT INTO `reviews` (`id`, `review_text`, `url_photos_review`, `product_id`, `user_id`) VALUES ('93', 'Molestiae officiis pariatur id dolores eaque nesciunt omnis.', 'http://lorempixel.com/640/480/', '93', '93');
INSERT INTO `reviews` (`id`, `review_text`, `url_photos_review`, `product_id`, `user_id`) VALUES ('94', 'Voluptas et eum quis sapiente amet sed et.', 'http://lorempixel.com/640/480/', '94', '94');
INSERT INTO `reviews` (`id`, `review_text`, `url_photos_review`, `product_id`, `user_id`) VALUES ('95', 'Sit animi illum optio nisi dignissimos ut.', 'http://lorempixel.com/640/480/', '95', '95');
INSERT INTO `reviews` (`id`, `review_text`, `url_photos_review`, `product_id`, `user_id`) VALUES ('96', 'Culpa atque enim in sapiente adipisci culpa.', 'http://lorempixel.com/640/480/', '96', '96');
INSERT INTO `reviews` (`id`, `review_text`, `url_photos_review`, `product_id`, `user_id`) VALUES ('97', 'Molestiae autem sed consectetur eos.', 'http://lorempixel.com/640/480/', '97', '97');
INSERT INTO `reviews` (`id`, `review_text`, `url_photos_review`, `product_id`, `user_id`) VALUES ('98', 'Molestias corporis enim maiores illo aperiam.', 'http://lorempixel.com/640/480/', '98', '98');
INSERT INTO `reviews` (`id`, `review_text`, `url_photos_review`, `product_id`, `user_id`) VALUES ('99', 'Illo nisi iste praesentium omnis beatae.', 'http://lorempixel.com/640/480/', '99', '99');
INSERT INTO `reviews` (`id`, `review_text`, `url_photos_review`, `product_id`, `user_id`) VALUES ('100', 'Sed dolore enim ut tenetur voluptatibus iste.', 'http://lorempixel.com/640/480/', '100', '100');

INSERT INTO `carts` VALUES (1,1),(2,2),(3,3),(4,4),(5,5),(6,6),(7,7),(8,8),(9,9),(10,10),(11,11),(12,12),(13,13),(14,14),(15,15),(16,16),(17,17),(18,18),(19,19),(20,20),(21,21),(22,22),(23,23),(24,24),(25,25),(26,26),(27,27),(28,28),(29,29),(30,30),(31,31),(32,32),(33,33),(34,34),(35,35),(36,36),(37,37),(38,38),(39,39),(40,40),(41,41),(42,42),(43,43),(44,44),(45,45),(46,46),(47,47),(48,48),(49,49),(50,50),(51,51),(52,52),(53,53),(54,54),(55,55),(56,56),(57,57),(58,58),(59,59),(60,60),(61,61),(62,62);




INSERT INTO `orders` (`id`, `carts_id`, `product_id`) VALUES ('1', '1', '1');
INSERT INTO `orders` (`id`, `carts_id`, `product_id`) VALUES ('2', '2', '2');
INSERT INTO `orders` (`id`, `carts_id`, `product_id`) VALUES ('3', '3', '3');
INSERT INTO `orders` (`id`, `carts_id`, `product_id`) VALUES ('4', '4', '4');
INSERT INTO `orders` (`id`, `carts_id`, `product_id`) VALUES ('5', '5', '5');
INSERT INTO `orders` (`id`, `carts_id`, `product_id`) VALUES ('6', '6', '6');
INSERT INTO `orders` (`id`, `carts_id`, `product_id`) VALUES ('7', '7', '7');
INSERT INTO `orders` (`id`, `carts_id`, `product_id`) VALUES ('8', '8', '8');
INSERT INTO `orders` (`id`, `carts_id`, `product_id`) VALUES ('9', '9', '9');
INSERT INTO `orders` (`id`, `carts_id`, `product_id`) VALUES ('10', '10', '10');
INSERT INTO `orders` (`id`, `carts_id`, `product_id`) VALUES ('11', '11', '11');
INSERT INTO `orders` (`id`, `carts_id`, `product_id`) VALUES ('12', '12', '12');
INSERT INTO `orders` (`id`, `carts_id`, `product_id`) VALUES ('13', '13', '13');
INSERT INTO `orders` (`id`, `carts_id`, `product_id`) VALUES ('14', '14', '14');
INSERT INTO `orders` (`id`, `carts_id`, `product_id`) VALUES ('15', '15', '15');
INSERT INTO `orders` (`id`, `carts_id`, `product_id`) VALUES ('16', '16', '16');
INSERT INTO `orders` (`id`, `carts_id`, `product_id`) VALUES ('17', '17', '17');
INSERT INTO `orders` (`id`, `carts_id`, `product_id`) VALUES ('18', '18', '18');
INSERT INTO `orders` (`id`, `carts_id`, `product_id`) VALUES ('19', '19', '19');
INSERT INTO `orders` (`id`, `carts_id`, `product_id`) VALUES ('20', '20', '20');
INSERT INTO `orders` (`id`, `carts_id`, `product_id`) VALUES ('21', '21', '21');
INSERT INTO `orders` (`id`, `carts_id`, `product_id`) VALUES ('22', '22', '22');
INSERT INTO `orders` (`id`, `carts_id`, `product_id`) VALUES ('23', '23', '23');
INSERT INTO `orders` (`id`, `carts_id`, `product_id`) VALUES ('24', '24', '24');
INSERT INTO `orders` (`id`, `carts_id`, `product_id`) VALUES ('25', '25', '25');
INSERT INTO `orders` (`id`, `carts_id`, `product_id`) VALUES ('26', '26', '26');
INSERT INTO `orders` (`id`, `carts_id`, `product_id`) VALUES ('27', '27', '27');
INSERT INTO `orders` (`id`, `carts_id`, `product_id`) VALUES ('28', '28', '28');
INSERT INTO `orders` (`id`, `carts_id`, `product_id`) VALUES ('29', '29', '29');
INSERT INTO `orders` (`id`, `carts_id`, `product_id`) VALUES ('30', '30', '30');
INSERT INTO `orders` (`id`, `carts_id`, `product_id`) VALUES ('31', '31', '31');
INSERT INTO `orders` (`id`, `carts_id`, `product_id`) VALUES ('32', '32', '32');
INSERT INTO `orders` (`id`, `carts_id`, `product_id`) VALUES ('33', '33', '33');
INSERT INTO `orders` (`id`, `carts_id`, `product_id`) VALUES ('34', '34', '34');
INSERT INTO `orders` (`id`, `carts_id`, `product_id`) VALUES ('35', '35', '35');
INSERT INTO `orders` (`id`, `carts_id`, `product_id`) VALUES ('36', '36', '36');
INSERT INTO `orders` (`id`, `carts_id`, `product_id`) VALUES ('37', '37', '37');
INSERT INTO `orders` (`id`, `carts_id`, `product_id`) VALUES ('38', '38', '38');
INSERT INTO `orders` (`id`, `carts_id`, `product_id`) VALUES ('39', '39', '39');
INSERT INTO `orders` (`id`, `carts_id`, `product_id`) VALUES ('40', '40', '40');
INSERT INTO `orders` (`id`, `carts_id`, `product_id`) VALUES ('41', '41', '41');
INSERT INTO `orders` (`id`, `carts_id`, `product_id`) VALUES ('42', '42', '42');
INSERT INTO `orders` (`id`, `carts_id`, `product_id`) VALUES ('43', '43', '43');
INSERT INTO `orders` (`id`, `carts_id`, `product_id`) VALUES ('44', '44', '44');
INSERT INTO `orders` (`id`, `carts_id`, `product_id`) VALUES ('45', '45', '45');
INSERT INTO `orders` (`id`, `carts_id`, `product_id`) VALUES ('46', '46', '46');
INSERT INTO `orders` (`id`, `carts_id`, `product_id`) VALUES ('47', '47', '47');
INSERT INTO `orders` (`id`, `carts_id`, `product_id`) VALUES ('48', '48', '48');
INSERT INTO `orders` (`id`, `carts_id`, `product_id`) VALUES ('49', '49', '49');
INSERT INTO `orders` (`id`, `carts_id`, `product_id`) VALUES ('50', '50', '50');
INSERT INTO `orders` (`id`, `carts_id`, `product_id`) VALUES ('51', '51', '51');
INSERT INTO `orders` (`id`, `carts_id`, `product_id`) VALUES ('52', '52', '52');
INSERT INTO `orders` (`id`, `carts_id`, `product_id`) VALUES ('53', '53', '53');
INSERT INTO `orders` (`id`, `carts_id`, `product_id`) VALUES ('54', '54', '54');
INSERT INTO `orders` (`id`, `carts_id`, `product_id`) VALUES ('55', '55', '55');
INSERT INTO `orders` (`id`, `carts_id`, `product_id`) VALUES ('56', '56', '56');
INSERT INTO `orders` (`id`, `carts_id`, `product_id`) VALUES ('57', '57', '57');
INSERT INTO `orders` (`id`, `carts_id`, `product_id`) VALUES ('58', '58', '58');




